ANIMAL ID,No_Arete,AFECCION,M1,,M2,,M3,,M4,,M5,,M6,,M7,,M8,,M9,,M10,,M11,,M12,,M13,,M14,,M15,,M16,,M17,,M18,,M19,,M20,,M21,,M22,,M23,,M24,,M25,,M26,,M27,,M28,,M29,,M30,,M31,,M32,,M33,,M34,,M35,,M36,,M37,,M38,,M39,,M40,,M41,,M42,,M43,,M44,,M45,,M46,,M47,,M48,,M49,,M50,,M51,,M52,,M53,,M54,,M55,,M56,,M57,,M58,,M59,,M60,,M61,,M62,,M63,,M64,,M65,,M66,,M67,,M68,,M69,,M70,,M71,,M72,,M73,,M74,,M75,,M76,,M77,,M78,,M79,,M80,,M81,,M82,,M83,,M84,,M85,,M86,,M87,,M88,,M89,,M90,,M91,,M92,,M93,,M94,,M95,,M96,,M97,,M98,,M99,,M100,,M101,,M102,,M103,,M104,,M105,,M106,,M107,,M108,,M109,,M110,,M111,,M112,,M113,,M114,,M115,,M116,,M117,,M118,,M119,,M120,,M121,,M122,,M123,,M124,,M125,,M126,,M127,,M128,,M129,,M130,,M131,,M132,,M133,,M134,,M135,,M136,,M137,,M138,,M139,,M140,,M141,,M142,,M143,,M144,,M145,,M146,,M147,,M148,,M149,,M150,,M151,,M152,,M153,,M154,,M155,,M156,,M157,,M158,,M159,,M160,,M161,,M162,,M163,,M164,,M165,,M166,,M167,,M168,,M169,,M170,,M171,,M172,,M173,,M174,,M175,,M176,,M177,,M178,,M179,,M180,,M181,,M182,,M183,,M184,,M185,,M186,,M187,,M188,,M189,,M190,,M191,,M192,,M193,,M194,,M195,,M196,,M197,,M198,,M199,,M200,,M201,,M202,,M203,,M204,,M205,,M206,,M207,,M208,,M209,,M210,,M211,,M212,,M213,,M214,,M215,,M216,,M217,,M218,,M219,,M220,,M221,,M222,,M223,,M224,,M225,,M226,,M227,,M228,,M229,,M230,,M231,,M232,,M233,,M234,,M235,,M236,,M237,,M238,,M239,,M240,,M241,,M242,,M243,,M244,,M245,,M246,,M247,,M248,,M249,,M250,,M251,,M252,,M253,,M254,,M255,,M256,,M257,,M258,,M259,,M260,,M261,,M262,,M263,,M264,,M265,,M266,,M267,,M268,,M269,,M270,,M271,,M272,,M273,,M274,,M275,,M276,,M277,,M278,,M279,,M280,,M281,,M282,,M283,,M284,,M285,,M286,,M287,,M288,,M289,,M290,,M291,,M292,,M293,,M294,,M295,,M296,,M297,,M298,,M299,,M300,,M301,,M302,,M303,,M304,,M305,,M306,,M307,,M308,,M309,,M310,,M311,,M312,,M313,,M314,,M315,,M316,,M317,,M318,,M319,,M320,,M321,,M322,,M323,,M324,,M325,,M326,,M327,,M328,,M329,,M330,,M331,,M332,,M333,,M334,,M335,,M336,,M337,,M338,,M339,,M340,,M341,,M342,,M343,,M344,,M345,,M346,,M347,,M348,,M349,,M350,,M351,,M352,,M353,,M354,,M355,,M356,,M357,,M358,,M359,,M360,,M361,,M362,,M363,,M364,,M365,,M366,,M367,,M368,,M369,,M370,,M371,,M372,,M373,,M374,,M375,,M376,,M377,,M378,,M379,,M380,,M381,,M382,,M383,,M384,,M385,,M386,,M387,,M388,,M389,,M390,,M391,,M392,,M393,,M394,,M395,,M396,,M397,,M398,,M399,
B1,167,16.48,A,G,T,C,C,C,T,C,C,C,T,C,A,C,C,C,T,C,T,T,T,C,T,C,A,A,T,T,T,C,T,C,A,C,A,A,T,C,C,C,T,T,T,T,A,G,T,T,A,A,C,C,A,G,C,C,T,T,T,T,A,G,A,G,T,C,T,T,A,G,T,C,A,C,G,G,T,C,G,G,G,G,A,G,A,G,A,A,G,G,A,C,G,G,A,A,A,A,T,T,G,G,G,G,T,T,G,G,G,G,G,G,G,G,C,C,A,A,A,A,T,T,T,T,A,G,G,G,T,G,T,G,T,G,T,C,T,C,T,C,T,C,T,T,T,C,A,G,G,G,A,A,T,T,G,G,A,A,G,G,T,T,A,A,T,T,C,C,T,T,C,C,C,C,G,G,A,G,A,G,A,G,C,C,T,C,T,T,T,C,G,G,T,C,T,C,C,C,G,G,T,T,C,C,A,G,T,G,G,C,C,C,T,T,C,C,A,G,T,T,A,A,G,G,C,C,A,A,T,T,A,G,A,G,G,G,G,G,C,C,G,G,T,T,A,G,A,G,G,G,T,T,C,C,T,T,T,C,T,C,A,G,T,C,C,C,A,A,C,C,C,C,T,C,A,G,C,C,T,G,C,C,A,G,T,C,T,G,A,A,A,A,T,T,T,C,T,G,T,G,G,G,T,T,A,C,A,G,C,C,A,G,G,G,C,C,T,C,A,G,A,G,A,G,G,G,T,C,A,G,T,G,A,G,T,C,T,T,T,C,A,G,G,G,T,T,A,A,T,T,T,T,T,T,A,A,T,T,T,T,T,C,A,A,C,C,T,C,T,C,A,A,C,C,T,T,A,A,C,C,T,T,C,C,A,A,C,C,G,G,C,C,G,G,G,G,C,C,G,G,A,A,C,C,T,T,G,G,C,C,T,T,T,T,G,G,C,C,T,T,A,A,G,G,C,C,T,T,A,A,C,C,C,C,G,G,G,G,C,C,G,G,C,C,G,G,C,C,C,C,A,A,C,C,G,G,C,C,T,T,G,G,A,A,G,G,G,G,G,G,G,G,T,T,G,G,T,T,T,T,T,T,G,G,C,C,G,G,C,C,G,G,T,T,C,C,G,G,C,C,C,C,A,A,T,C,T,C,T,G,T,C,T,C,T,C,C,C,T,T,C,C,T,T,A,G,C,C,A,G,C,C,T,C,T,T,A,G,G,G,C,C,A,C,T,G,T,C,T,C,T,T,A,A,A,G,C,C,C,C,C,C,T,T,T,G,T,T,T,C,T,G,A,A,T,C,A,G,A,C,A,G,T,C,T,G,C,C,T,T,T,T,T,C,C,C,G,G,T,C,C,C,G,G,A,A,A,G,A,A,C,C,T,C,C,C,G,G,T,C,A,T,T,T,T,C,T,G,A,G,T,C,T,C,A,G,G,G,A,G,C,C,G,G,G,G,T,C,G,G,A,G,A,G,T,T,C,C,G,G,G,G,A,G,A,A,T,C,G,G,A,G,A,A,C,C,T,C,A,G,T,C,T,T,T,C,T,C,T,C,T,T,A,G,C,C,T,C,A,G,T,C,T,C,G,G,T,C,T,T,G,G,A,G,A,G,G,G,T,C,G,G,C,C,A,G,T,T,A,A,A,A,T,G,T,T,A,G,T,C,T,T,T,C,A,A,A,G,G,G,A,G,T,T,T,C,A,C,T,C,T,C,T,C,T,C,A,A,A,A,T,C,A,G,T,G,G,G,A,G,A,G,C,C,G,G,A,A,G,G,C,C,A,G,T,G,A,G
B10,92,19.14,G,G,C,C,C,C,C,C,C,C,T,C,A,A,T,T,T,C,T,C,T,C,C,C,A,G,T,T,C,C,T,T,A,C,A,G,T,C,T,C,T,C,T,T,A,A,T,C,A,A,C,C,A,A,C,C,T,T,T,T,A,G,A,G,T,T,T,T,A,G,T,T,C,C,T,T,T,C,A,G,T,T,A,G,A,A,A,C,G,G,A,A,G,G,G,G,A,G,T,C,A,G,A,G,T,C,A,G,G,G,A,G,A,A,T,C,A,C,G,G,T,C,T,C,G,G,A,A,T,G,T,T,T,T,T,C,T,T,T,C,T,C,T,C,T,C,A,G,A,A,A,C,T,T,G,G,A,G,A,G,T,T,G,G,C,C,T,C,T,T,T,C,C,C,A,G,A,A,A,G,A,G,C,C,T,C,T,C,T,T,G,G,T,T,T,T,A,A,A,A,T,C,C,C,A,G,G,G,C,C,C,C,T,T,A,A,G,G,T,T,G,G,G,G,T,C,A,G,T,T,A,G,A,G,G,G,T,G,A,A,A,A,T,G,G,G,A,G,G,G,T,C,T,C,T,C,T,C,T,C,A,G,T,C,A,C,A,G,T,C,A,A,T,T,A,A,A,C,T,G,C,C,A,G,T,T,T,G,A,A,A,G,T,T,T,C,T,T,G,G,G,G,T,C,A,A,A,A,A,C,A,G,T,G,T,C,C,C,A,G,A,A,G,G,T,G,T,T,A,G,G,G,A,G,C,C,T,C,T,C,A,G,G,G,T,T,A,G,T,T,T,T,T,T,A,A,T,T,T,T,T,C,A,A,C,C,T,C,C,C,A,G,C,C,T,T,A,A,C,C,T,T,C,C,A,A,T,C,A,G,C,C,A,G,A,G,T,C,G,G,A,G,C,C,T,T,A,G,C,C,T,T,T,T,A,G,T,C,T,C,A,G,G,G,C,C,T,T,A,A,C,C,T,C,G,G,A,G,T,C,A,G,T,C,G,G,C,C,C,C,A,A,C,C,G,G,C,C,T,T,T,G,A,G,G,G,G,G,A,G,G,G,T,C,G,G,T,T,T,C,T,T,G,G,C,C,G,G,C,C,G,G,T,T,T,C,A,G,T,C,C,C,A,A,C,C,T,C,T,G,T,C,C,C,C,C,T,C,T,T,C,C,T,C,A,G,A,C,A,G,C,C,C,C,T,T,G,G,G,G,C,C,A,C,T,G,T,C,T,C,T,T,A,A,A,A,A,C,T,C,T,C,T,G,T,G,T,T,C,C,G,G,A,A,T,C,G,G,A,C,A,A,C,C,T,G,C,C,T,T,T,C,T,C,T,C,G,G,C,C,C,C,G,G,A,A,A,A,A,G,T,C,C,C,C,C,G,G,T,C,T,T,T,T,T,T,G,G,A,G,T,C,T,C,G,G,T,T,A,G,T,C,A,A,G,G,T,C,A,G,A,G,A,G,C,C,T,T,G,G,A,G,A,G,A,G,C,C,G,G,A,G,A,G,T,C,T,T,A,A,T,T,T,C,T,C,T,C,T,C,T,T,A,G,T,C,T,C,A,A,T,C,C,C,A,G,C,C,T,T,A,G,G,G,A,G,A,G,T,C,G,G,T,C,A,G,T,T,A,A,A,A,T,G,T,C,G,G,C,C,T,C,T,C,A,A,A,G,G,G,G,G,T,T,T,C,C,C,C,C,T,T,T,C,T,T,A,G,A,C,T,C,G,G,T,G,G,G,A,A,A,G,T,C,G,G,A,A,G,G,C,C,A,G,T,G,A,G
B12,162,26.2,G,G,C,C,C,C,C,C,C,C,T,T,A,A,T,T,C,C,C,C,T,T,C,C,A,A,T,T,C,C,T,T,C,C,A,A,T,C,T,C,T,C,T,T,A,A,C,C,A,A,C,C,A,G,A,C,T,G,T,C,A,G,A,G,T,T,T,T,G,G,T,T,A,C,T,G,T,C,A,G,T,G,A,G,A,G,C,C,A,G,A,A,G,G,G,G,G,G,C,C,A,G,A,G,T,C,A,G,G,G,A,G,A,A,T,T,A,C,A,G,T,C,T,C,G,G,A,A,T,T,T,G,T,T,T,T,T,T,T,C,T,T,T,C,T,C,A,G,A,A,C,C,G,G,T,T,A,A,A,G,C,C,A,G,T,C,C,C,T,C,T,T,C,C,G,G,A,G,G,G,A,G,T,C,T,T,T,T,C,C,A,G,T,T,T,T,A,A,A,G,T,T,C,C,A,G,T,T,G,G,C,C,T,C,C,C,A,G,T,T,A,A,A,G,C,C,A,A,T,T,G,G,G,G,G,G,G,G,C,C,G,G,T,T,A,G,A,G,A,G,T,T,T,C,T,C,C,C,C,C,A,G,T,C,A,C,G,G,T,T,C,C,T,C,A,A,C,C,T,G,T,C,A,G,T,C,T,G,A,C,A,G,T,T,T,C,G,G,T,G,G,G,T,C,A,A,G,G,C,C,A,A,T,T,C,C,T,T,A,A,G,G,G,G,T,T,T,T,A,A,T,T,G,G,C,C,T,T,T,T,A,A,A,A,C,C,G,G,T,T,T,T,T,T,G,G,T,T,T,T,T,T,A,A,C,C,T,T,T,T,G,G,C,C,T,T,A,A,T,T,T,T,T,T,C,C,T,T,A,A,T,C,A,A,A,A,C,C,G,G,G,G,T,C,T,C,A,A,C,C,T,T,T,T,A,A,T,T,C,C,G,G,G,G,T,C,T,C,A,A,C,C,T,T,A,G,A,G,T,T,A,G,T,C,T,T,T,C,T,T,A,C,C,C,G,G,T,C,T,C,G,G,G,G,A,A,G,G,A,A,T,T,T,T,G,G,C,C,C,C,C,C,A,A,C,C,G,G,C,C,A,A,T,T,T,T,A,G,T,C,T,T,G,G,C,C,C,C,T,T,C,C,C,C,C,C,T,T,T,T,T,T,T,T,A,G,A,C,A,G,T,C,C,C,T,G,G,G,G,G,C,C,C,C,T,G,C,C,C,C,T,A,A,G,A,G,A,C,T,T,T,C,T,T,G,G,T,G,T,C,T,G,A,A,C,C,G,G,A,C,A,A,C,C,G,G,C,C,T,T,T,T,C,C,T,T,G,G,T,C,T,C,A,G,A,A,A,A,G,G,T,C,C,C,T,T,T,G,C,C,A,T,T,T,C,C,T,T,A,A,C,C,T,T,A,G,T,T,A,G,C,C,A,G,A,G,T,C,A,G,A,A,A,A,C,C,T,C,C,G,G,G,A,A,A,G,C,C,A,G,A,A,G,G,T,C,C,C,A,G,C,C,T,C,T,C,C,C,T,C,T,T,A,A,C,C,T,T,A,A,T,T,C,C,G,G,T,C,T,G,G,G,G,G,G,G,A,G,T,T,G,G,T,C,A,G,T,T,A,G,A,A,T,T,T,C,A,A,T,C,T,C,T,T,A,C,A,A,A,G,A,G,T,C,T,C,C,C,C,C,C,C,T,C,T,C,A,A,A,C,T,C,G,G,T,G,G,G,A,A,A,G,T,C,G,G,A,A,G,G,C,C,A,G,T,G,A,A
B13,114,13.73,A,G,T,C,C,C,T,C,T,C,C,C,A,A,C,C,T,C,T,T,T,C,T,T,G,G,G,G,T,C,T,C,A,A,A,A,T,C,T,C,T,C,C,C,A,A,T,T,A,C,T,T,A,G,C,C,T,T,T,T,A,A,A,G,T,C,T,T,A,A,T,T,A,C,T,G,T,C,G,G,G,G,G,G,A,A,A,C,G,G,A,C,A,G,A,A,A,A,T,T,G,G,G,G,T,T,G,G,G,G,G,G,G,G,T,C,A,A,A,A,T,T,T,T,A,G,G,G,G,G,T,G,T,G,T,C,T,C,T,C,T,T,T,C,T,C,G,G,A,A,C,C,T,G,T,G,A,G,A,A,T,T,A,A,T,T,T,C,T,C,T,C,T,C,A,G,A,A,G,G,G,G,T,C,C,C,T,C,T,C,A,G,T,T,T,C,C,C,G,G,T,C,C,C,A,G,T,T,G,G,T,C,T,C,A,C,A,G,T,C,A,A,A,A,T,C,G,G,T,T,A,G,A,A,G,G,G,G,C,C,G,G,T,T,A,G,G,G,G,G,T,C,C,C,T,C,T,C,T,C,A,G,T,C,A,A,A,G,T,C,A,C,T,C,G,G,A,A,T,G,T,C,A,G,T,T,T,G,C,C,A,A,T,T,T,C,T,T,T,T,A,A,C,C,A,C,A,G,C,C,A,G,T,T,C,C,T,T,A,G,A,G,A,A,T,T,T,T,A,G,T,G,A,A,T,T,T,C,T,C,A,G,A,G,T,C,A,G,T,C,T,T,T,T,A,A,T,G,T,T,T,T,A,A,C,C,T,C,T,C,A,A,T,C,T,C,A,A,C,C,T,T,C,C,A,C,T,C,G,G,C,C,G,G,A,G,C,C,G,G,A,A,C,C,T,C,G,G,C,C,T,T,T,T,A,G,C,C,T,T,A,G,A,G,T,C,T,T,A,A,T,C,C,C,G,G,G,G,C,C,A,G,C,C,T,G,C,C,T,C,A,C,T,C,G,G,T,C,T,T,G,G,A,A,G,G,G,G,G,G,T,G,T,C,A,G,T,C,C,C,C,C,A,G,C,C,A,G,C,C,A,G,G,G,T,C,G,G,T,C,T,C,A,G,T,C,T,C,T,G,T,C,C,C,T,C,T,C,T,G,T,T,T,C,A,G,A,C,A,G,T,C,T,T,T,G,A,G,A,A,C,C,A,C,T,G,C,C,C,C,T,T,G,G,G,G,C,C,T,C,T,C,T,T,T,T,T,G,T,C,T,G,A,A,T,T,G,G,C,C,A,G,C,C,T,T,C,C,T,T,T,C,T,T,C,C,A,G,T,C,C,C,A,G,A,G,A,A,A,A,C,C,C,C,T,C,T,G,T,C,A,T,T,C,T,T,T,G,G,G,T,C,T,C,A,G,T,G,A,G,T,T,A,G,A,G,T,C,A,G,A,G,A,G,C,C,C,C,C,G,G,G,G,G,A,G,C,C,G,G,A,G,A,G,C,C,T,C,A,G,T,C,T,C,T,C,T,C,T,C,T,T,A,G,T,C,T,T,A,A,C,C,C,C,G,G,C,C,G,G,G,G,A,G,A,A,A,G,T,C,G,G,C,C,A,G,T,C,G,G,A,A,G,G,T,C,G,G,C,C,T,T,T,C,A,C,A,A,G,G,A,G,T,T,C,C,C,C,C,C,T,C,C,C,T,T,A,G,A,A,T,C,A,G,T,G,G,G,A,G,A,A,C,C,A,G,A,A,G,G,C,C,A,A,G,G,A,G
B14,90,10.43,G,G,C,C,C,C,C,C,C,C,T,C,A,A,T,C,C,C,T,C,T,C,C,C,A,G,T,T,T,C,T,T,A,C,A,G,T,C,C,C,T,T,T,T,A,G,T,C,A,A,C,C,G,G,A,C,G,G,C,C,A,G,A,A,T,C,T,T,G,G,T,C,A,C,T,G,T,T,A,G,G,G,A,G,A,G,A,C,A,G,A,C,G,G,G,G,A,A,T,T,A,G,A,G,T,T,G,G,A,G,G,G,A,G,T,T,A,C,A,G,C,C,T,C,A,G,A,A,T,T,T,G,T,T,T,T,T,T,T,C,T,T,T,C,T,C,A,G,A,A,C,C,T,G,T,G,A,G,A,G,T,C,A,G,T,T,C,C,T,T,T,C,T,C,A,G,A,A,G,G,A,G,T,C,T,C,C,C,T,T,G,G,T,T,T,T,A,C,G,G,T,C,C,C,G,G,T,T,G,G,T,T,T,C,A,C,A,A,C,C,A,A,A,G,T,C,A,G,T,T,G,G,A,A,A,A,G,G,A,C,A,G,T,G,A,G,A,G,A,G,T,C,T,C,T,C,C,C,C,C,G,G,C,C,C,C,A,G,T,T,A,C,T,T,A,A,A,C,T,G,T,C,A,A,T,T,T,T,C,C,A,G,T,C,T,C,T,G,T,G,A,A,C,C,C,C,G,G,C,C,A,G,T,G,C,C,T,C,A,A,A,A,A,A,T,T,T,T,A,G,T,G,A,G,T,T,T,C,T,C,A,G,A,G,T,C,A,G,T,C,T,G,T,G,A,A,T,T,T,T,T,C,A,A,C,C,T,T,T,C,A,G,C,C,T,T,G,G,T,C,T,T,C,C,C,C,T,C,A,G,C,C,G,G,A,G,T,T,A,G,A,G,C,C,T,C,G,G,T,C,T,C,T,T,A,A,T,T,C,C,A,G,A,G,T,C,T,C,G,G,C,C,T,C,A,G,A,G,T,T,A,G,T,C,T,G,T,C,T,T,A,C,T,C,C,C,T,T,T,T,G,G,A,A,A,G,A,G,A,A,T,T,C,C,G,G,C,C,C,C,C,C,A,A,T,T,G,G,T,C,A,A,T,G,T,T,A,G,T,C,T,C,A,G,T,T,T,C,T,G,T,C,T,C,T,C,T,T,T,G,T,T,T,C,G,G,A,C,G,G,C,C,T,T,T,G,A,G,A,G,C,C,A,C,T,G,C,C,C,C,T,T,A,A,G,G,C,C,C,C,T,C,T,G,T,T,T,T,T,C,G,G,A,A,C,C,A,A,A,C,A,G,T,C,G,G,T,C,T,T,T,T,C,C,T,T,G,G,T,T,C,C,A,G,G,G,A,A,G,G,C,C,T,C,T,C,G,G,T,C,T,T,T,T,C,C,T,G,A,G,T,T,C,C,G,G,T,T,A,G,T,T,A,A,G,G,T,C,A,G,A,A,A,A,C,C,C,C,C,G,G,G,A,A,G,G,C,C,G,G,A,A,G,G,T,T,C,C,A,A,C,C,T,T,C,C,C,C,C,C,C,C,G,G,C,C,T,T,A,A,T,T,T,T,A,A,C,C,G,G,A,A,A,A,G,G,A,G,T,T,A,G,T,C,A,A,T,T,A,A,A,A,T,T,T,T,G,G,T,T,T,T,C,C,A,C,A,G,A,G,A,A,T,C,C,C,A,C,T,C,T,C,T,C,T,C,A,G,A,C,T,C,A,A,T,T,G,G,A,G,A,G,T,C,A,G,A,A,G,G,C,C,A,G,T,G,G,G
B15,154,16.72,A,G,C,C,C,C,C,C,T,C,T,T,A,A,T,C,C,C,T,C,T,T,T,C,A,A,T,T,C,C,T,C,C,C,A,A,T,C,T,T,T,C,T,C,A,A,C,C,A,A,T,C,A,G,C,C,T,T,T,T,G,G,G,G,T,T,T,T,G,G,T,T,A,C,T,T,T,C,A,G,T,T,A,G,A,G,A,C,G,G,A,A,A,G,A,G,A,G,C,C,A,G,A,A,C,C,A,A,G,G,G,G,A,G,T,T,C,C,A,G,T,C,T,C,A,G,A,A,T,G,T,G,T,G,T,T,T,C,T,C,T,T,T,T,T,C,A,A,A,G,A,A,T,T,G,G,A,A,A,G,C,C,A,G,T,C,T,T,C,C,C,C,T,C,A,G,A,G,G,G,G,G,T,C,C,C,C,C,T,C,A,G,T,C,T,C,A,C,G,G,C,C,T,T,A,A,G,G,G,G,T,T,T,C,A,C,G,G,T,C,A,A,G,G,T,T,G,G,T,T,G,G,A,G,G,G,G,G,C,C,A,G,T,T,A,G,A,G,G,G,T,C,C,C,T,C,C,C,C,C,A,G,T,C,A,C,G,G,T,T,A,C,C,C,A,A,C,C,T,G,T,C,A,A,T,C,T,G,A,A,A,G,T,T,C,C,T,G,T,G,G,G,T,T,C,C,G,G,A,A,A,A,G,G,T,C,T,C,G,G,A,G,A,A,T,G,T,C,A,G,G,G,A,G,C,C,T,C,C,C,G,G,G,G,T,C,A,G,T,T,T,G,T,G,A,G,T,T,T,C,C,C,A,A,C,C,T,T,C,C,G,G,C,C,T,T,A,A,T,C,T,T,T,C,A,C,T,T,A,A,T,C,A,G,A,A,C,C,A,G,A,G,C,C,T,C,A,A,C,C,T,T,T,T,A,A,T,C,C,C,G,G,G,G,C,C,T,T,A,A,C,C,T,T,A,A,G,G,T,C,G,G,T,C,T,G,C,C,T,C,A,C,T,C,C,G,T,C,T,C,G,G,A,G,A,A,A,G,A,G,T,G,T,C,G,G,C,C,C,C,C,C,A,G,T,C,G,G,T,C,A,A,T,G,T,T,G,G,C,C,T,T,A,G,T,C,T,C,T,G,T,C,C,C,T,C,T,C,T,T,T,T,T,T,A,G,A,C,A,A,T,C,T,C,G,G,G,G,A,G,C,C,A,C,T,T,T,C,C,C,A,A,G,G,A,A,C,C,T,T,T,T,T,T,T,G,T,G,T,T,T,T,A,A,C,C,G,G,A,C,A,A,C,C,G,G,C,C,T,T,T,T,T,C,T,C,G,G,C,C,T,C,A,G,A,A,A,A,A,G,C,C,C,C,T,C,G,G,T,C,T,T,T,T,T,C,T,G,A,G,C,C,T,T,G,G,T,G,A,A,C,C,G,G,G,G,C,C,A,G,A,A,A,G,T,C,C,C,G,G,G,G,A,A,A,A,T,C,G,G,G,G,A,G,T,C,T,C,A,A,T,C,T,T,T,C,C,C,T,C,T,T,A,A,T,C,T,C,A,G,T,C,C,C,G,G,T,C,T,T,A,G,G,G,A,G,G,G,T,T,A,G,C,C,G,G,T,T,A,A,A,A,T,G,T,T,A,G,T,C,T,T,C,C,A,A,A,A,A,G,G,G,T,T,T,C,C,C,C,C,T,C,C,C,T,T,A,A,A,A,T,T,G,G,G,G,G,G,A,A,A,A,C,C,G,G,A,A,G,G,C,C,A,A,G,G,A,A
B17,140,13.91,G,G,T,C,C,C,C,C,T,C,T,C,A,A,T,T,T,C,T,T,T,C,C,C,G,G,T,G,T,C,T,T,A,A,A,G,T,C,C,C,T,T,T,C,A,A,T,C,A,A,C,C,A,G,C,C,G,G,C,C,A,G,A,A,C,C,T,G,A,G,T,C,A,A,G,G,T,T,A,G,T,G,A,G,A,A,A,C,A,A,A,C,A,A,A,G,A,A,T,T,A,A,A,A,T,C,A,G,A,G,G,G,G,G,T,C,A,C,G,G,T,C,T,C,G,G,A,G,G,G,T,G,T,G,C,C,T,C,T,T,T,T,T,T,T,C,A,A,A,A,C,C,T,T,G,G,A,A,G,G,C,C,A,G,C,C,T,C,T,T,T,C,T,C,G,G,A,A,G,G,A,G,C,C,C,C,T,T,T,C,G,G,T,T,T,T,A,A,A,G,C,C,T,C,A,A,G,G,C,C,C,C,T,C,A,C,G,G,T,T,A,G,G,G,C,C,A,A,T,T,A,A,A,A,G,G,G,G,A,A,A,G,G,G,G,G,A,A,G,G,T,T,T,C,T,C,T,C,T,C,A,G,C,C,A,A,A,A,C,C,A,C,T,C,A,G,A,C,T,G,C,C,A,A,T,C,T,G,A,A,G,G,T,T,T,T,T,G,T,G,A,G,C,C,A,A,A,A,A,C,A,A,T,G,T,T,C,C,A,G,A,G,A,G,T,G,T,T,A,A,G,G,A,G,T,C,C,C,C,C,G,G,A,G,T,C,G,G,C,C,T,G,T,G,A,A,T,G,T,C,T,C,A,A,C,C,T,C,T,C,A,A,T,C,T,C,G,G,C,C,T,T,T,C,A,C,T,T,A,A,T,T,A,G,A,A,T,C,G,G,G,G,C,C,T,T,A,A,C,C,T,C,T,G,A,G,T,C,T,C,G,G,G,G,C,C,T,C,A,A,T,C,T,T,A,G,G,G,T,C,A,G,C,C,T,G,C,C,C,C,A,C,T,C,C,C,T,C,T,C,T,G,A,G,A,A,A,A,A,G,G,G,T,C,G,G,T,C,C,C,T,C,A,G,T,C,G,G,T,C,A,A,T,G,T,C,G,G,T,C,T,C,A,G,T,C,T,C,T,G,T,C,T,C,T,T,T,C,T,G,T,C,T,C,A,G,A,C,A,G,T,C,T,T,T,T,G,G,A,G,T,C,A,C,G,G,C,C,T,C,T,T,A,A,A,G,A,C,T,C,T,C,T,T,T,T,T,T,T,C,T,G,A,C,T,T,A,G,A,C,A,A,C,C,T,T,C,C,T,T,C,C,T,C,T,C,A,G,T,C,T,C,A,G,A,G,A,G,A,G,T,C,T,C,T,T,T,G,T,C,A,T,T,C,C,C,T,T,A,G,C,C,T,T,G,G,T,G,A,G,C,C,A,G,A,A,T,C,A,G,A,G,A,G,T,T,T,C,G,G,A,G,A,G,A,G,T,T,G,G,A,G,G,G,C,C,T,C,A,G,T,C,T,T,T,C,T,T,C,C,T,C,G,G,T,C,C,C,A,G,T,C,C,C,A,A,T,C,T,G,A,A,G,G,A,A,A,A,T,C,G,G,T,T,A,A,T,C,A,G,A,A,T,T,T,C,A,G,T,C,T,C,T,T,A,A,G,G,G,G,A,G,T,T,T,T,A,C,C,C,T,C,T,C,T,C,G,G,C,C,T,C,A,G,T,G,G,G,A,A,G,G,T,C,A,G,A,C,A,G,C,C,G,G,T,T,A,G
B18,179,12.71,G,G,T,C,C,C,C,C,T,C,T,T,A,A,T,T,C,C,T,C,T,T,C,C,A,G,T,G,T,C,T,T,A,A,A,A,T,T,C,C,C,C,T,T,A,A,C,C,C,C,C,C,A,A,C,C,G,G,C,C,A,A,G,G,T,T,T,T,A,A,T,T,A,A,G,G,T,T,G,G,T,T,A,A,A,A,A,C,A,A,C,C,A,G,A,A,A,A,T,T,A,G,A,G,C,C,A,A,G,G,G,G,G,G,T,T,A,C,G,G,T,C,T,C,G,G,A,A,T,G,T,T,T,T,T,C,T,T,T,C,T,C,T,C,T,C,A,G,A,G,C,C,T,G,T,G,A,A,G,G,T,C,G,G,C,C,T,C,T,T,T,C,T,C,G,G,A,G,G,G,A,G,C,C,C,C,T,T,T,T,G,G,T,T,T,T,A,A,A,G,C,C,T,C,A,A,G,G,G,C,C,C,T,T,A,C,G,G,T,T,A,G,A,G,T,C,A,A,T,T,A,A,A,A,A,G,G,G,A,C,A,G,G,G,G,G,A,A,G,G,T,T,T,C,C,C,C,C,C,C,A,A,T,C,A,A,A,G,T,C,A,C,T,C,A,G,A,A,G,G,T,C,A,A,T,T,T,G,A,C,A,G,T,T,T,T,T,T,T,G,A,G,C,C,A,C,A,G,A,C,A,A,T,T,T,C,T,C,A,A,A,A,A,G,T,T,T,T,A,G,T,G,A,G,T,C,T,C,T,C,A,G,G,G,T,T,A,G,T,T,T,T,T,T,A,A,T,T,T,T,C,C,A,A,C,C,T,T,T,C,G,G,C,C,T,T,A,G,T,C,T,T,C,C,A,C,T,C,A,G,C,C,A,G,A,G,T,T,A,G,G,G,C,C,T,C,A,G,C,C,T,T,T,T,A,A,T,T,C,C,G,G,G,G,C,C,T,C,A,G,C,C,T,T,A,G,A,A,T,T,A,G,T,T,G,G,C,C,T,C,A,C,T,C,C,G,T,C,T,T,T,T,G,G,A,G,A,G,A,A,G,G,T,C,G,G,T,C,C,C,T,C,A,G,C,C,G,G,C,C,A,G,T,T,T,T,A,G,T,C,T,C,A,G,C,C,C,C,T,T,C,C,C,C,T,C,T,C,T,T,C,C,T,C,A,A,A,C,A,G,T,C,C,C,T,T,G,G,A,G,C,C,A,C,G,G,C,C,T,T,T,T,A,G,A,G,A,C,T,C,T,T,G,G,G,G,T,G,T,C,T,G,A,C,T,T,G,G,A,C,A,A,C,C,T,G,C,C,T,G,T,C,C,C,T,C,G,G,T,C,C,C,G,G,A,G,A,G,G,G,T,T,T,C,T,C,G,G,C,C,A,T,T,C,T,T,G,G,A,G,T,T,C,C,A,G,T,T,A,G,T,C,A,A,G,G,T,C,A,G,A,G,A,G,C,C,T,T,G,G,A,G,A,G,A,G,C,C,G,G,A,G,A,G,T,C,T,T,A,A,T,T,T,C,T,C,T,C,T,C,T,T,A,G,T,C,T,C,A,A,T,C,C,C,A,G,C,C,T,T,A,G,G,G,A,G,A,G,T,C,G,G,T,C,A,G,T,C,A,G,A,A,T,G,T,C,A,G,C,C,T,C,T,T,A,C,A,G,A,G,G,G,T,C,T,C,C,C,C,C,T,T,T,T,T,C,G,G,C,C,C,C,G,G,T,G,A,G,A,A,G,G,T,C,A,G,A,A,G,G,C,C,G,G,T,G,G,G
B19,183,10.63,A,G,C,C,C,C,T,C,C,C,C,C,A,C,T,C,T,C,T,C,T,C,C,C,G,G,T,G,T,T,T,T,A,C,A,G,T,T,T,C,T,C,T,C,A,G,T,T,A,C,C,C,A,A,A,C,T,G,T,C,A,G,A,G,T,T,T,G,A,G,T,T,A,C,T,T,T,T,G,G,T,G,A,A,A,G,A,C,A,G,A,A,G,G,G,G,A,G,T,C,A,A,G,G,T,C,A,G,G,G,A,G,A,G,T,C,A,C,G,G,T,C,T,C,G,G,A,A,T,G,T,T,T,T,T,C,T,T,T,C,T,C,T,C,T,C,A,G,A,G,C,C,T,G,T,G,A,A,G,G,T,C,A,G,T,C,T,C,T,C,T,C,T,T,A,G,G,G,G,G,A,A,T,C,T,C,T,C,T,T,G,G,T,T,T,C,A,A,G,G,C,C,T,C,A,A,G,G,G,G,C,C,T,T,A,C,A,G,T,T,A,G,A,G,T,T,A,A,T,T,A,G,A,G,A,G,T,G,C,C,G,G,G,G,G,G,A,G,A,G,T,C,C,C,T,C,C,C,T,C,A,G,T,T,A,A,A,G,T,C,C,C,T,C,A,G,A,C,T,G,T,T,A,A,T,T,T,G,A,C,A,G,T,C,T,T,T,T,T,G,A,G,C,C,A,C,G,G,A,C,A,A,T,T,T,C,T,T,A,A,A,G,A,A,T,T,T,T,A,G,T,T,A,A,T,T,T,T,T,T,A,A,G,G,T,T,A,A,T,T,T,T,T,T,A,A,T,T,T,T,C,C,A,A,C,C,T,T,T,T,A,G,T,C,T,C,A,G,T,C,T,C,C,C,A,C,T,C,G,G,C,C,A,G,A,G,T,T,A,A,G,G,C,C,T,C,A,G,C,C,T,T,T,T,A,A,T,T,C,C,G,G,G,G,C,C,T,C,A,G,C,C,T,T,A,A,A,G,T,C,G,G,T,C,G,G,C,C,T,C,C,C,T,T,C,C,T,C,T,C,T,G,A,G,A,A,A,A,A,G,G,G,T,C,G,G,C,C,C,C,C,C,A,G,T,C,G,G,T,C,A,A,T,G,T,T,G,G,C,C,T,T,A,G,T,C,T,C,T,G,T,C,C,C,T,T,C,C,T,T,T,C,T,T,A,G,C,C,A,A,T,C,T,C,T,G,G,G,A,A,C,C,A,C,T,G,T,C,T,C,T,A,G,G,A,G,C,C,T,C,T,T,T,G,T,G,T,G,T,T,T,T,A,C,T,T,G,G,A,A,A,G,T,C,G,G,C,C,T,G,T,T,C,C,T,C,A,G,T,T,C,C,A,G,A,G,G,G,A,G,T,T,T,C,T,C,T,G,T,T,T,T,C,C,T,C,G,G,G,G,T,T,C,C,A,A,T,T,G,G,T,C,A,A,G,G,T,T,G,G,A,A,G,G,T,T,T,T,G,G,A,G,G,G,A,G,T,C,A,G,A,A,A,A,T,C,C,C,G,G,T,C,T,C,T,T,T,C,T,T,T,T,A,A,C,C,T,C,A,A,T,C,T,C,A,A,T,C,T,G,A,G,A,G,A,A,A,G,T,T,A,A,T,C,A,G,T,T,A,A,A,A,T,T,T,T,A,G,T,T,T,T,T,C,A,C,G,G,A,G,A,A,T,T,T,C,C,C,T,T,T,T,T,T,C,C,A,A,A,C,T,C,A,G,T,G,A,G,A,G,A,G,C,C,A,G,A,A,G,G,C,C,A,G,G,G,A,G
B2,113,21.22,G,G,T,C,C,C,T,C,C,C,T,C,A,A,T,C,T,C,C,C,T,C,C,C,A,A,T,G,T,T,T,C,A,A,A,A,T,C,C,C,C,C,T,C,A,A,T,C,A,C,T,C,A,G,C,C,T,T,T,T,A,G,G,G,T,T,T,T,A,G,T,T,A,C,T,G,T,C,A,G,T,T,A,G,A,G,A,A,G,G,A,C,A,G,A,A,A,A,T,C,A,A,A,A,T,C,A,G,G,G,G,G,A,G,T,C,A,C,A,G,T,T,T,T,A,A,G,G,T,G,T,T,T,T,T,T,T,T,T,C,T,T,T,C,T,C,G,G,A,A,C,C,T,G,T,G,A,G,A,A,T,T,A,A,T,T,T,C,T,C,T,C,T,C,A,G,A,A,G,G,G,G,T,C,C,C,T,C,T,C,A,G,T,T,T,C,C,C,G,G,T,C,C,C,A,G,T,T,G,G,T,C,T,C,A,C,A,G,T,C,A,A,A,A,T,C,G,G,T,T,A,G,A,A,G,G,G,G,C,C,G,G,T,T,G,G,A,G,G,G,T,C,T,C,T,C,T,C,T,T,A,G,C,C,A,C,A,A,C,C,A,A,T,T,G,G,A,C,T,G,C,C,A,G,T,T,T,G,C,C,A,A,T,C,T,C,T,T,T,G,A,G,C,C,A,A,A,A,C,C,G,G,T,T,C,C,T,C,A,G,A,G,A,G,T,G,T,T,A,A,T,G,A,A,T,T,T,T,T,T,A,A,G,G,T,C,A,G,T,T,T,G,T,T,A,A,T,G,T,T,T,C,A,A,T,C,C,C,C,C,A,G,C,C,T,T,A,A,C,C,T,C,C,C,A,A,C,C,G,G,C,C,A,G,G,G,C,C,G,G,A,A,T,C,T,T,A,G,T,C,T,T,T,T,A,G,C,C,T,C,A,G,A,G,C,C,T,T,A,G,T,C,C,C,G,G,A,G,T,C,A,G,C,C,G,G,C,C,T,C,A,C,T,C,G,G,T,C,T,T,T,G,A,A,G,G,G,G,G,G,T,T,C,C,A,A,T,T,C,C,C,C,A,A,C,C,G,G,C,C,A,A,G,G,C,C,G,G,T,C,T,C,A,G,T,C,T,C,T,G,T,C,C,C,C,C,T,T,T,G,T,C,C,C,A,A,A,C,A,G,T,C,T,T,G,G,A,A,A,G,C,C,A,C,T,T,T,C,C,C,T,T,A,G,G,G,C,C,T,T,T,T,T,G,T,G,T,T,T,C,G,G,A,A,T,C,G,G,A,C,A,A,C,C,T,G,C,C,T,T,T,C,T,C,T,C,A,G,T,C,T,C,A,A,A,G,A,A,A,G,C,C,C,C,T,C,T,G,T,C,T,T,T,T,T,C,T,G,A,G,T,C,T,C,A,G,T,G,A,A,T,C,G,G,G,G,C,C,A,A,A,A,A,A,C,C,C,C,C,C,G,G,A,G,G,G,C,C,G,G,A,A,G,G,T,C,C,C,A,G,C,C,T,C,T,C,T,C,C,C,T,C,A,G,T,T,T,C,A,A,T,C,C,C,G,G,C,C,G,G,G,G,A,A,A,A,A,A,T,C,A,G,T,C,A,A,T,T,A,G,A,A,T,G,T,C,G,G,T,C,T,T,T,C,C,C,A,G,A,G,A,G,T,T,C,C,C,C,T,C,T,C,T,C,T,C,A,G,A,A,C,C,A,A,T,T,G,G,G,G,A,A,C,C,A,A,A,A,G,G,C,C,A,A,G,G,G,G
B20,184,16.53,A,G,T,C,C,C,C,C,T,C,T,C,A,A,T,C,C,C,T,T,T,T,T,C,A,A,T,G,C,C,C,C,A,C,A,A,T,C,C,C,T,C,T,T,A,A,T,C,A,C,C,C,A,G,C,C,T,G,T,C,A,G,A,G,T,T,T,T,A,A,T,T,C,C,G,G,T,T,G,G,G,G,G,G,A,A,A,A,G,G,C,C,G,G,A,A,A,A,T,T,G,G,G,G,T,T,G,G,G,G,G,G,G,G,C,C,A,A,A,A,T,T,T,T,G,G,G,G,G,G,G,G,T,G,T,C,T,C,T,T,T,T,T,T,C,C,A,A,G,G,A,A,T,G,T,G,A,A,A,G,T,T,A,G,T,C,C,C,T,T,T,C,T,C,A,G,G,G,G,G,A,G,C,C,C,C,T,T,T,T,G,G,T,C,T,T,A,C,G,G,T,C,T,C,A,G,T,G,G,C,T,C,T,T,C,C,A,A,T,T,A,A,A,G,C,C,A,G,T,C,A,G,A,G,G,G,G,G,A,C,G,G,T,G,G,G,A,A,G,G,T,C,C,C,T,C,C,C,T,C,A,A,T,C,A,C,A,G,T,C,A,C,T,C,A,G,C,C,G,G,C,C,A,G,T,C,T,T,A,A,A,A,T,T,T,C,T,G,T,G,G,G,T,T,A,C,A,G,C,C,G,G,T,G,T,C,C,C,A,G,A,G,A,G,T,G,T,C,G,G,G,G,A,A,T,C,T,T,T,C,A,G,G,G,T,T,A,A,T,C,T,T,T,T,A,A,T,T,T,T,T,T,A,A,C,C,T,C,C,C,A,A,C,C,T,T,A,A,T,C,T,T,C,C,A,A,T,C,G,G,T,C,A,G,G,G,T,C,A,G,A,G,C,C,T,T,A,G,T,C,T,T,T,T,A,G,C,C,T,T,A,G,G,G,C,C,T,T,A,A,T,C,C,C,A,G,A,G,C,C,G,G,C,C,T,G,T,C,T,C,A,C,T,C,G,G,T,C,T,T,G,G,A,A,A,G,A,G,A,G,T,G,T,C,A,G,T,C,T,C,T,C,A,G,T,C,G,G,C,C,G,G,T,G,T,C,G,G,C,C,C,C,A,A,T,C,T,T,G,G,T,T,C,C,C,C,C,C,T,T,T,C,T,T,G,G,A,C,A,G,T,C,T,C,T,T,A,G,G,G,T,C,A,C,T,G,T,C,C,C,T,T,A,A,A,G,A,C,T,C,C,C,T,T,T,G,T,T,C,C,G,G,A,A,C,C,G,G,A,A,A,A,C,C,G,G,C,C,T,T,T,T,T,C,T,C,G,G,T,C,C,C,G,G,A,A,A,A,A,G,T,C,C,C,T,C,T,G,T,C,A,T,T,T,T,C,T,G,A,G,C,C,T,T,A,G,T,G,A,G,C,C,A,G,A,G,T,C,G,G,A,A,A,G,T,C,T,C,G,G,A,G,A,A,A,G,T,C,G,G,G,G,A,G,C,C,T,C,A,G,T,C,T,C,T,C,C,C,T,T,T,C,A,G,T,C,T,C,A,G,T,C,T,C,A,G,C,C,T,T,A,G,A,G,G,G,A,G,T,T,G,G,T,C,G,G,T,T,A,G,A,A,T,G,T,C,A,G,C,C,T,C,T,C,A,C,A,A,A,G,G,G,T,T,T,C,C,C,T,C,T,T,C,C,T,T,A,A,A,A,T,C,A,G,T,G,G,G,A,G,A,G,C,C,G,G,A,A,G,G,C,C,A,G,T,G,A,G
B21,104,18.77,G,G,T,C,C,C,T,C,C,C,T,C,A,A,T,C,T,C,C,C,T,C,C,C,A,A,T,T,T,C,T,T,A,C,A,A,T,C,T,C,C,C,T,C,A,A,T,C,A,C,T,C,A,G,C,C,T,T,T,T,A,G,G,G,T,T,T,T,A,G,T,T,C,C,T,G,C,C,A,A,T,T,G,G,A,A,A,C,G,G,A,C,G,G,A,G,A,G,T,C,A,G,A,A,T,C,A,G,G,G,G,G,A,G,T,C,A,C,A,G,T,C,T,C,A,G,A,G,T,G,T,T,T,T,T,T,T,T,T,C,T,T,T,T,C,C,A,G,A,A,A,C,T,G,T,G,A,G,A,A,T,T,A,G,T,C,T,C,T,C,T,T,T,C,A,A,A,A,A,G,A,G,C,C,T,C,T,C,T,C,A,G,T,T,T,C,A,C,A,G,T,C,C,C,A,G,T,G,G,C,C,C,T,C,A,C,G,G,T,T,A,G,A,G,T,T,G,G,T,T,A,G,A,G,G,G,T,G,A,C,A,G,T,T,G,G,G,G,G,G,C,C,C,C,T,T,T,T,T,T,G,G,T,C,A,C,A,G,T,C,A,A,T,T,A,G,A,C,T,T,C,C,G,G,T,T,T,G,A,C,A,A,T,T,C,C,T,T,T,G,A,G,T,C,A,A,A,A,C,C,G,G,T,G,C,C,T,C,G,G,A,G,A,G,T,G,T,T,A,G,G,G,A,A,T,C,T,T,T,T,A,A,A,G,T,T,A,A,T,C,T,T,T,T,A,A,T,G,T,C,T,C,A,A,C,C,C,C,C,C,A,A,C,C,T,T,A,G,T,C,T,T,T,C,A,C,C,C,G,G,C,C,G,G,G,G,T,C,A,G,A,G,C,C,T,C,A,G,C,C,T,T,T,T,A,G,C,C,T,C,A,G,A,G,C,C,T,C,A,A,C,C,T,C,A,G,G,G,C,C,G,G,C,C,T,G,T,C,C,C,A,A,C,C,G,G,T,C,T,T,T,G,A,A,A,G,A,G,A,G,T,G,T,C,A,G,T,T,C,C,T,C,A,A,T,C,G,G,C,C,A,A,G,G,C,C,G,G,T,T,T,T,A,G,T,C,T,C,T,G,T,C,C,C,T,C,T,C,T,G,T,T,T,C,A,G,A,C,A,G,C,C,T,T,G,G,A,G,A,A,C,C,A,C,T,T,C,C,T,C,T,A,G,G,A,G,C,C,T,C,T,C,T,G,T,G,T,G,T,C,T,G,A,C,T,T,G,G,A,C,A,A,T,C,T,G,C,C,T,T,T,C,T,C,C,C,A,G,T,T,C,C,A,A,A,G,A,A,A,A,C,C,C,C,C,C,T,T,T,C,A,T,T,T,T,C,T,G,A,G,T,T,C,C,A,G,T,G,A,G,T,T,A,G,G,G,T,C,A,G,A,A,A,A,C,C,T,C,G,G,G,G,A,A,A,A,T,C,A,G,G,G,A,G,T,C,T,C,A,A,T,C,T,T,T,C,C,C,T,C,T,T,A,A,T,C,T,C,A,G,T,C,C,C,G,G,T,C,T,G,G,G,G,G,A,G,A,G,T,C,G,G,T,C,A,G,T,C,A,G,A,G,G,G,T,C,G,G,C,C,T,T,C,C,A,C,A,G,A,G,G,G,T,T,T,C,C,C,T,C,T,T,T,C,T,C,A,A,A,C,T,T,G,G,G,G,A,G,A,A,A,G,C,C,G,G,A,A,G,G,C,C,A,G,G,G,A,A
B22,151,18.09,G,G,T,C,A,C,T,C,C,C,T,C,A,C,T,C,C,C,T,C,T,C,C,C,A,A,T,G,T,C,T,C,A,C,A,G,T,T,C,C,C,C,T,C,A,A,T,C,A,C,C,C,A,A,C,C,T,G,T,C,A,A,G,G,T,C,T,T,A,A,T,T,A,C,G,G,T,T,G,G,T,G,A,G,A,A,A,A,A,G,C,C,G,G,A,A,A,A,T,T,A,G,A,A,T,C,A,G,G,G,A,A,A,A,T,C,A,A,A,A,T,C,T,T,A,G,G,G,G,G,G,G,T,G,T,C,T,C,T,C,T,T,T,C,T,C,A,A,A,G,A,C,T,T,T,G,A,A,G,G,T,C,A,A,C,C,T,C,T,C,T,C,T,T,A,G,A,A,A,G,A,A,T,C,C,C,T,T,C,C,A,G,T,C,T,T,A,A,A,G,T,C,T,C,A,A,G,G,G,C,T,C,T,C,C,C,G,G,T,T,A,A,G,G,C,C,A,G,T,T,A,G,A,G,G,G,G,G,A,C,G,G,T,G,G,G,A,A,A,G,T,C,C,C,T,T,T,T,T,C,G,G,T,C,A,C,A,A,C,C,A,C,T,C,A,G,C,C,T,T,C,C,A,A,C,C,G,G,A,A,A,G,C,C,T,C,T,G,T,G,A,G,T,T,C,C,A,A,A,C,A,G,T,G,T,C,T,C,A,A,G,G,G,G,T,G,T,T,A,G,T,G,A,G,T,C,C,C,C,C,G,G,G,G,T,C,A,G,T,C,T,G,T,G,A,A,T,G,T,C,T,C,A,G,C,C,T,T,T,C,G,G,C,C,T,T,A,A,T,C,T,T,C,C,A,A,T,T,A,A,T,C,A,G,A,A,T,C,G,G,A,G,C,C,T,C,A,A,C,C,T,T,T,T,A,A,T,T,C,C,G,G,A,G,T,C,T,C,A,A,C,C,T,C,A,G,A,A,T,T,A,G,T,C,T,G,T,C,C,C,A,A,C,C,C,G,C,C,T,C,T,G,A,G,A,A,G,G,A,A,T,G,T,T,G,G,T,C,C,C,T,C,A,A,C,C,G,G,T,C,A,A,T,T,T,C,A,G,T,C,T,T,G,G,T,C,C,C,T,T,C,C,C,C,C,C,T,C,T,T,T,C,T,T,A,A,A,C,A,G,T,T,C,C,G,G,A,G,A,A,C,C,C,C,T,T,C,C,T,T,T,T,A,A,A,A,C,C,T,C,T,C,T,G,G,G,T,G,T,C,T,G,A,C,C,C,A,A,C,C,G,G,T,C,T,G,C,C,T,G,T,C,C,C,C,C,A,G,T,T,C,C,A,G,G,G,A,G,G,G,T,C,T,T,T,C,T,G,T,C,A,T,T,T,T,T,G,G,A,G,T,T,C,C,A,A,G,G,A,G,C,C,G,G,A,G,C,C,A,G,A,G,A,A,T,C,C,C,C,G,G,G,A,G,A,G,T,C,A,G,A,G,A,G,T,C,C,C,A,A,T,C,T,C,T,C,T,C,C,C,T,C,A,A,T,C,T,C,A,A,T,T,C,C,A,G,C,C,T,G,A,A,A,A,G,G,A,G,T,C,A,G,T,C,A,A,T,C,A,A,A,G,T,G,C,C,G,G,T,C,T,C,C,C,A,C,A,G,A,G,A,G,C,C,T,T,A,C,T,C,T,C,T,C,C,C,A,A,C,C,T,C,A,A,T,T,A,G,A,A,A,G,C,C,A,G,A,C,A,A,C,C,G,G,T,G,A,G
B24,99,15.44,A,G,C,C,C,C,C,C,T,C,T,C,A,A,T,T,C,C,T,C,T,T,C,C,A,A,T,G,C,C,T,C,C,C,A,G,T,C,T,C,T,C,T,T,A,G,T,T,A,A,T,T,G,G,C,C,T,G,T,C,A,G,A,A,T,T,T,G,G,G,T,T,A,A,T,G,T,T,A,G,G,G,A,A,G,G,C,C,A,G,A,C,G,G,G,G,A,G,T,C,A,A,G,G,T,T,G,G,G,G,G,G,A,A,T,T,A,A,G,G,C,C,C,C,A,A,A,G,T,G,T,G,T,G,T,C,T,C,T,T,T,T,T,C,T,C,A,G,A,G,A,C,T,T,G,G,A,G,A,G,T,T,A,A,T,T,C,C,T,T,T,C,C,C,A,G,A,A,A,G,A,G,T,T,T,C,C,C,T,C,G,G,T,T,T,T,A,C,G,G,T,C,T,C,A,G,T,G,G,C,T,C,T,C,A,C,A,G,T,C,A,A,A,G,C,C,G,G,T,T,G,G,A,G,A,G,G,G,A,C,A,G,T,G,A,G,A,G,A,G,T,C,C,C,T,C,T,C,C,C,A,G,T,T,A,C,A,G,T,C,C,C,C,C,G,G,A,C,T,G,T,C,A,G,T,C,T,G,C,C,A,G,T,T,T,T,T,G,T,T,A,A,T,C,C,C,A,G,C,C,A,G,T,G,C,C,T,C,A,A,A,A,A,A,T,T,T,T,A,G,T,G,A,G,T,T,T,C,T,C,A,G,A,G,T,C,A,G,T,C,T,G,T,G,A,G,T,T,T,C,C,C,A,A,C,C,T,C,T,C,A,G,T,C,T,C,A,G,T,T,T,T,T,T,C,C,C,C,G,G,C,C,G,G,G,G,T,T,A,A,G,G,C,C,C,C,A,G,C,C,T,T,T,T,A,A,T,C,C,C,G,G,A,G,C,C,C,C,A,G,C,C,C,C,A,A,A,A,C,C,A,A,T,T,G,G,C,C,T,T,A,A,C,C,C,C,C,C,T,T,G,G,G,G,A,A,G,G,A,A,T,T,T,T,G,G,T,C,T,C,T,C,A,A,C,C,G,G,C,C,A,G,T,G,T,T,G,G,C,C,T,C,G,G,C,C,C,C,T,T,C,C,C,C,T,C,T,T,T,G,T,C,T,C,A,A,A,C,A,A,T,T,T,C,G,G,G,G,A,G,T,C,A,C,T,G,C,C,T,C,T,T,A,A,A,A,A,C,T,C,T,C,G,G,T,G,T,G,T,C,T,G,C,C,T,T,G,G,A,C,A,A,T,C,T,G,T,C,T,G,T,T,T,C,C,C,G,G,T,T,T,C,A,G,A,G,A,G,A,G,T,C,T,C,T,C,T,G,T,C,A,T,C,C,T,T,G,G,G,G,T,T,C,C,A,A,T,T,G,G,T,C,A,A,G,G,T,T,G,G,A,A,A,G,T,C,T,T,G,G,A,G,A,G,A,A,C,C,A,G,A,G,A,A,C,C,T,C,A,G,T,T,T,T,T,C,C,C,T,T,T,T,A,A,C,C,T,T,A,A,T,T,T,C,A,G,C,C,T,G,G,G,A,G,G,G,G,G,T,T,G,G,T,C,G,G,T,C,G,G,A,A,T,T,T,C,A,G,T,C,C,C,C,C,A,A,G,G,G,G,A,A,T,C,C,C,C,C,T,C,T,C,C,C,T,C,A,A,A,A,T,C,A,G,T,G,G,G,A,G,A,G,C,C,G,G,A,A,G,G,C,C,A,G,T,G,A,A
B25,176,14.49,G,G,C,C,C,C,C,C,C,C,T,T,A,A,T,T,C,C,C,C,T,T,C,C,A,A,T,T,T,C,T,T,A,C,A,G,T,T,T,C,T,C,T,T,A,G,T,C,A,C,C,C,A,G,A,C,T,T,T,T,A,G,A,G,T,T,T,T,G,G,T,T,A,C,T,T,C,C,A,A,T,G,G,G,A,A,A,C,G,G,A,C,G,G,A,G,G,G,C,C,A,G,A,G,C,C,A,A,G,G,A,G,A,A,T,T,A,C,G,G,C,C,C,C,G,G,A,A,T,G,T,G,T,T,T,T,T,T,T,C,T,C,T,C,C,C,A,G,A,A,A,C,T,T,G,G,G,G,A,A,T,T,A,G,T,C,C,C,T,T,T,T,C,C,A,G,A,A,A,G,A,A,T,C,T,C,T,C,T,C,A,G,T,T,T,C,A,A,A,G,T,T,C,C,G,G,T,G,C,C,C,C,T,T,A,C,G,G,T,T,A,G,G,G,T,C,A,G,T,T,G,G,A,G,A,G,T,G,A,A,A,A,T,G,A,G,G,G,G,G,T,C,C,C,T,C,T,C,T,C,A,G,T,T,A,C,A,G,T,C,A,C,T,C,A,G,C,C,T,T,C,C,A,G,T,C,T,T,A,A,A,G,T,T,T,C,T,G,T,G,A,G,T,C,A,A,A,G,A,C,G,G,T,G,T,C,C,C,G,G,A,G,A,G,T,G,T,T,A,G,T,G,A,A,T,C,T,T,T,T,A,G,G,G,T,C,A,G,T,C,T,G,T,T,A,A,T,T,T,C,T,T,A,G,C,C,C,C,T,C,A,A,T,T,C,C,A,G,T,C,T,C,C,C,A,C,T,T,A,G,C,C,G,G,A,G,T,T,G,G,A,G,C,C,T,T,A,G,C,C,T,C,T,G,A,G,T,C,T,C,G,G,A,G,T,C,T,T,A,A,T,C,T,C,G,G,G,G,T,C,A,G,T,C,T,G,T,C,T,C,A,C,T,C,C,C,T,C,T,C,T,T,G,G,A,G,G,G,A,A,T,G,T,C,G,G,T,C,T,C,T,T,G,G,T,C,A,G,T,C,G,G,G,G,T,T,A,G,T,C,T,T,G,G,T,C,C,C,T,T,C,C,C,C,T,T,T,C,T,G,T,T,T,C,G,G,A,C,A,G,T,T,T,C,T,T,A,G,G,G,T,C,A,A,G,G,C,C,T,C,T,A,A,A,G,G,A,A,T,C,C,C,T,T,G,G,T,T,C,C,T,G,A,A,C,C,G,G,A,C,A,G,T,C,T,G,C,C,T,G,T,C,C,C,C,C,G,G,T,T,T,C,G,G,G,G,A,G,A,G,T,C,T,C,T,C,T,G,C,C,A,A,T,C,T,T,G,G,G,G,T,T,C,C,A,G,T,G,G,G,T,T,A,A,A,G,T,T,G,G,A,G,A,A,T,C,T,T,G,G,A,G,A,A,A,G,C,C,G,G,G,G,A,A,T,C,T,C,A,G,T,C,C,C,T,T,T,C,C,C,C,C,A,G,T,T,C,C,A,G,C,C,T,C,G,G,T,C,T,T,A,A,A,G,A,G,A,G,T,C,A,G,T,C,A,G,T,C,A,G,A,G,T,G,C,C,A,G,T,C,C,C,T,T,A,A,G,G,A,G,A,A,T,T,T,T,A,A,T,T,T,C,T,C,C,C,A,G,A,C,C,C,A,G,T,T,G,G,A,G,G,G,C,C,A,G,A,C,A,G,C,C,G,G,T,G,A,G
B26,147,24.93,A,A,T,C,C,C,C,C,T,C,T,C,A,A,C,C,T,C,T,T,T,T,T,T,A,G,T,G,T,C,T,C,A,C,A,A,C,C,C,C,T,T,T,T,A,A,T,C,A,A,C,C,G,G,A,C,T,G,T,C,A,G,G,G,T,T,T,G,A,G,T,C,A,C,G,G,T,T,A,G,G,G,A,G,A,G,A,A,G,G,A,C,G,G,A,A,A,A,T,T,G,G,G,G,T,T,G,G,G,G,A,G,A,G,T,C,A,C,A,G,T,T,T,T,A,G,A,G,G,G,T,T,T,G,T,C,T,T,T,C,T,C,T,C,T,T,A,G,A,A,C,C,T,T,G,G,G,G,A,A,T,T,A,A,T,T,C,C,T,T,C,C,C,C,G,G,A,G,A,G,A,A,C,C,C,C,C,C,T,T,G,G,T,C,T,C,A,C,A,G,T,T,C,C,A,G,T,G,G,G,T,C,T,T,A,C,A,A,C,C,A,G,G,G,C,C,A,A,T,C,A,G,A,G,G,G,T,G,C,C,G,G,T,T,A,G,A,G,G,G,T,C,T,C,T,C,T,C,T,T,A,G,T,C,A,A,A,A,C,C,C,C,T,C,G,G,A,C,T,G,T,C,A,A,T,C,T,T,A,C,G,G,T,T,T,C,G,G,T,T,G,G,T,C,A,A,A,G,C,C,A,G,T,G,C,C,T,C,A,G,A,G,G,G,T,G,T,T,A,G,T,G,A,G,C,C,T,T,T,T,A,A,A,G,T,C,A,G,T,T,T,T,T,T,A,G,T,T,T,T,T,T,A,A,C,C,T,C,T,C,A,G,C,C,T,T,A,A,T,T,T,T,T,C,A,C,T,T,A,A,T,C,A,G,A,A,C,C,G,G,A,G,T,C,C,C,A,A,C,C,T,T,T,T,A,A,T,T,C,C,G,G,A,G,T,T,C,C,A,A,C,C,T,C,A,G,A,A,T,T,A,G,C,C,T,T,T,T,T,C,A,C,C,C,G,G,T,C,T,C,G,G,G,G,A,A,G,G,A,A,T,T,T,T,G,G,C,C,C,C,C,C,A,A,C,C,G,G,C,C,A,A,T,T,T,T,A,G,T,C,T,T,G,G,C,C,C,C,T,T,C,C,C,C,C,C,T,T,T,T,T,T,T,T,A,G,A,C,A,G,T,C,C,C,T,G,G,G,A,G,T,C,A,C,T,G,C,C,C,C,T,T,A,A,A,G,A,C,T,C,T,C,T,G,G,G,T,G,T,C,T,G,A,C,T,C,G,G,A,A,A,A,C,C,G,G,C,C,T,G,T,T,T,C,C,C,G,G,T,C,C,C,G,G,A,G,A,G,A,G,T,C,T,C,T,T,G,G,C,C,A,A,C,C,T,T,T,G,G,G,T,C,T,C,A,G,T,T,G,G,T,T,A,G,A,G,T,C,A,G,A,G,A,G,T,C,T,C,C,G,G,G,A,A,A,A,T,C,G,G,A,G,A,G,T,C,T,C,A,A,T,C,T,T,C,C,C,C,T,T,T,C,A,G,T,C,T,C,A,G,T,C,T,C,A,G,C,C,T,T,A,G,A,G,G,G,A,G,T,T,G,G,T,C,G,G,T,T,A,G,A,A,T,G,T,C,A,G,T,C,T,C,T,C,A,C,A,G,A,G,A,G,T,T,T,T,A,C,T,T,T,C,T,C,T,C,A,A,A,A,C,C,A,A,T,T,G,G,G,G,G,G,C,C,G,G,A,A,G,G,C,C,G,G,T,T,G,G
B27,66,15.94,A,G,C,C,C,C,T,C,C,C,T,T,A,C,T,T,T,C,T,C,T,T,C,C,A,G,T,G,T,C,T,C,A,C,A,A,T,T,C,C,C,C,T,T,A,A,C,C,C,C,C,C,A,G,C,C,T,G,T,C,A,A,G,G,T,T,T,T,A,G,T,T,A,A,T,G,T,C,G,G,T,G,A,G,A,A,A,C,A,G,A,C,G,G,A,A,A,A,T,T,G,G,G,G,T,C,A,G,G,G,A,G,G,G,C,C,A,A,A,A,T,C,T,T,G,G,G,G,G,G,G,G,T,G,T,C,T,C,T,T,T,T,T,T,C,C,A,A,G,G,A,C,T,G,T,G,A,A,G,G,T,C,A,G,T,C,C,C,T,T,T,C,T,C,G,G,G,G,G,G,A,G,T,C,C,C,T,T,T,C,A,G,T,C,T,C,A,C,G,G,T,T,C,C,G,G,G,G,C,C,C,C,T,C,C,C,A,G,T,T,A,G,G,G,T,C,A,G,T,T,A,G,A,G,G,G,T,G,A,C,A,G,T,T,G,G,A,G,G,G,T,C,C,C,T,T,T,C,T,T,A,G,C,C,A,C,A,A,C,C,A,C,T,T,A,G,A,C,T,G,T,C,A,G,T,C,G,G,C,C,A,G,T,T,T,C,T,G,T,G,A,A,C,C,A,A,A,A,C,C,A,G,T,G,T,C,T,C,G,G,G,G,A,A,T,G,T,T,A,A,G,G,A,A,T,T,T,C,T,C,A,G,G,G,T,T,A,G,T,C,T,T,T,T,A,G,T,T,T,T,T,T,A,A,C,C,T,C,T,C,A,G,C,C,T,T,A,A,T,C,T,T,T,C,A,C,C,C,A,G,C,C,A,G,A,G,T,C,A,G,G,G,T,C,C,C,A,A,C,C,T,T,T,T,A,A,T,C,C,C,G,G,A,G,T,C,C,C,A,A,C,C,T,C,A,G,A,A,T,C,A,A,T,T,T,G,C,C,C,C,C,C,T,T,C,C,T,T,C,C,T,G,A,G,A,G,A,A,A,A,T,T,C,C,A,G,C,C,C,C,C,C,A,A,T,T,G,G,C,C,A,G,T,G,T,T,G,G,C,C,C,C,A,A,T,C,T,C,G,G,T,T,T,C,C,C,T,T,T,G,T,C,T,C,A,A,A,A,A,A,T,T,C,C,T,G,A,G,G,G,C,C,C,C,T,G,C,C,T,C,A,A,G,G,A,A,C,C,T,C,T,T,T,T,G,G,T,G,T,C,T,G,A,A,C,C,G,G,A,C,A,A,T,C,G,G,T,C,T,G,T,C,C,C,T,C,A,G,T,T,C,C,A,G,G,G,A,A,A,G,C,C,T,C,T,T,T,G,T,C,A,T,C,C,T,C,T,T,A,A,T,C,T,C,G,G,G,G,G,G,T,C,A,G,G,G,T,C,A,G,A,G,A,A,C,C,T,T,G,G,G,G,A,G,A,G,T,C,A,G,A,A,A,G,T,C,C,C,A,A,C,C,T,T,C,C,C,C,C,C,C,C,A,G,T,C,T,C,A,A,T,T,T,T,A,G,C,C,G,G,A,G,A,A,G,G,G,G,T,T,A,G,T,C,A,G,T,T,A,A,A,A,T,T,T,C,A,G,T,T,T,C,T,C,A,C,A,G,A,G,A,G,T,C,T,C,A,C,T,C,T,T,T,C,C,C,A,A,A,A,C,C,A,G,T,T,G,G,G,G,A,G,C,C,A,A,A,C,A,G,C,C,A,G,G,G,G,G
B28,156,19.46,A,G,T,C,C,C,C,C,C,C,T,T,A,A,T,C,T,C,T,C,T,C,C,C,A,A,T,T,T,C,T,C,A,C,A,A,T,C,C,C,T,T,T,C,A,G,T,C,A,A,T,C,G,G,A,C,T,G,T,C,A,A,A,A,T,T,T,T,A,G,T,C,A,A,T,G,T,T,A,G,G,G,A,G,A,G,A,C,A,G,A,C,G,G,G,G,A,G,T,C,A,A,G,G,T,T,G,G,G,G,G,G,A,G,T,T,A,C,G,G,C,C,C,C,A,G,A,A,T,T,T,T,T,T,T,T,T,T,T,T,T,T,T,C,T,C,A,G,A,G,A,C,T,T,G,G,A,G,A,A,T,C,A,G,T,C,T,C,T,C,C,C,T,C,A,G,A,A,G,G,G,G,T,T,C,C,C,C,T,C,G,G,T,C,T,T,A,C,G,G,T,C,T,C,A,G,T,G,G,G,T,T,T,T,A,A,A,G,C,C,A,A,A,G,T,C,G,G,T,T,G,G,A,G,A,G,G,G,A,C,A,G,T,G,A,A,G,G,G,G,T,T,C,C,C,C,C,C,C,C,A,A,T,T,A,A,G,G,T,T,C,C,C,C,A,G,A,C,G,G,T,T,A,A,T,T,T,T,A,C,A,A,T,C,C,C,G,G,T,G,A,G,T,C,C,C,G,G,A,C,A,G,G,G,T,C,T,C,A,G,A,G,A,A,T,T,T,T,A,A,G,G,A,G,T,C,T,C,T,C,A,G,G,G,T,C,A,A,T,T,T,G,T,G,A,G,T,T,T,C,C,C,A,A,C,C,T,T,T,C,G,G,C,C,T,T,A,G,T,T,T,T,T,C,C,C,T,C,A,G,C,C,G,G,A,G,T,T,A,G,A,G,C,C,T,C,G,G,C,C,T,T,T,T,A,G,T,C,T,C,G,G,G,G,C,C,C,C,G,G,C,C,T,T,A,A,A,A,T,T,G,G,T,T,G,G,C,C,T,T,A,C,T,C,C,C,T,T,T,T,T,G,A,G,A,G,A,G,A,A,T,G,T,C,G,G,T,C,C,C,T,C,A,A,T,C,G,G,C,C,A,A,T,T,T,T,A,A,T,T,T,T,G,G,T,C,T,C,T,G,T,C,T,C,T,C,T,T,T,T,T,T,T,T,G,G,A,C,G,G,C,C,T,C,T,T,A,G,G,G,C,C,A,C,T,G,C,C,C,C,T,T,A,A,G,G,A,C,T,C,T,C,T,G,T,G,T,T,T,C,G,G,A,A,C,C,A,G,A,A,A,A,C,C,G,G,C,C,T,T,T,T,T,C,T,C,G,G,T,C,C,C,A,G,A,G,A,A,A,A,C,C,T,C,T,T,G,G,T,C,A,T,C,C,T,C,T,G,A,G,C,C,T,T,G,G,G,G,A,G,T,C,A,G,G,G,C,C,A,G,A,G,A,G,T,C,T,C,G,G,G,G,A,G,A,A,T,T,G,G,A,G,A,G,T,C,C,C,A,A,C,C,T,T,T,C,C,C,C,C,T,C,A,A,T,T,C,C,A,G,T,C,C,C,G,G,T,C,T,T,A,A,A,G,A,G,A,G,T,C,A,A,C,C,A,G,T,T,A,A,A,G,T,G,T,C,A,A,T,C,T,T,C,C,A,C,A,A,A,G,A,G,T,T,T,T,A,C,T,C,C,C,T,C,T,C,A,A,A,A,T,C,A,G,T,G,G,G,A,G,A,G,C,C,G,G,A,A,G,G,C,C,A,G,T,G,A,G
B29,142,16,A,G,C,C,C,C,C,C,C,C,T,T,A,A,T,T,C,C,C,C,T,T,C,C,A,A,T,T,C,C,T,T,C,C,A,A,T,C,T,C,T,C,T,T,A,A,C,C,A,A,C,C,A,G,A,C,T,G,T,C,A,G,A,G,T,T,T,T,G,G,T,T,A,C,T,G,T,C,A,A,T,G,A,G,A,G,C,C,G,G,A,C,G,G,G,G,A,G,T,C,A,G,A,G,T,C,A,G,G,G,G,G,A,A,T,T,A,C,G,G,C,C,C,C,A,G,A,A,T,T,T,T,T,T,T,T,T,T,T,T,T,T,T,C,T,C,A,G,A,A,A,C,T,T,G,G,G,G,A,A,T,T,A,G,T,C,C,C,T,T,T,C,C,C,A,G,A,A,A,G,A,G,T,C,T,C,C,C,T,T,G,G,T,T,T,T,A,C,A,G,T,T,C,C,G,G,T,G,G,C,T,C,T,T,A,A,A,G,T,C,A,G,A,G,T,C,G,G,T,T,G,G,A,G,A,G,T,G,A,A,A,A,T,G,A,G,G,G,G,G,T,C,C,C,T,C,T,C,T,C,A,G,T,T,A,C,G,G,T,T,A,C,T,C,A,G,A,C,T,G,T,C,A,G,T,T,T,T,A,C,A,A,T,T,T,C,T,T,T,G,A,A,C,C,C,C,G,G,C,C,A,A,T,T,C,C,T,T,A,A,A,G,A,G,T,T,T,T,A,G,T,T,A,G,T,C,T,C,T,C,A,G,A,A,C,C,G,G,T,C,T,G,T,G,A,G,T,T,T,T,T,T,A,A,C,C,T,T,T,C,A,G,C,C,T,T,A,G,T,C,T,T,T,C,C,C,T,T,A,A,T,C,A,A,A,A,C,C,G,G,G,G,T,C,T,C,A,A,C,C,T,T,T,T,A,A,T,T,C,C,G,G,G,G,T,C,T,C,A,A,C,C,T,T,A,G,A,G,T,C,A,G,C,C,T,G,T,C,T,C,C,C,T,C,C,G,C,C,C,C,G,G,A,G,A,A,A,G,A,G,T,G,T,C,G,G,C,C,C,C,C,C,A,G,T,C,G,G,T,C,A,A,T,G,T,T,A,G,T,C,T,T,A,G,T,C,T,C,T,G,T,C,C,C,T,C,T,C,T,T,T,T,T,T,G,G,C,C,A,G,C,C,T,C,T,G,G,G,A,G,C,C,A,C,T,G,T,C,C,C,T,A,A,G,A,G,A,C,T,T,T,C,T,T,T,G,T,T,T,C,T,G,A,A,T,C,G,G,A,A,A,G,T,C,G,G,C,C,T,T,T,T,T,C,T,C,A,G,T,C,C,C,A,G,A,A,G,G,A,G,T,T,T,C,T,C,T,G,T,T,T,T,C,C,T,C,T,G,G,G,T,T,C,C,A,A,T,G,G,G,T,C,A,A,G,G,T,T,G,G,A,A,G,G,T,T,T,T,G,G,A,G,G,G,A,G,T,C,A,G,A,A,A,A,T,C,C,C,G,G,T,C,T,C,T,T,T,C,T,T,T,T,A,A,C,C,T,C,A,A,T,C,T,C,A,A,T,C,T,G,A,G,A,G,A,G,G,G,T,T,A,A,C,C,G,G,T,T,A,A,A,A,T,T,T,C,A,G,T,C,T,T,T,C,A,C,G,G,G,G,A,G,T,C,T,T,C,C,T,T,T,C,T,T,C,C,A,A,C,C,T,T,A,G,T,G,A,A,A,A,A,G,C,C,A,G,A,C,A,G,C,C,G,G,G,G,A,G
B3,188,15.2,A,G,C,C,C,C,C,C,T,T,C,C,A,A,T,C,C,C,T,T,T,C,T,C,A,A,T,G,T,C,C,C,A,C,A,A,T,C,C,C,C,C,T,T,A,G,C,C,A,C,C,C,A,G,A,C,G,G,C,C,A,G,A,A,T,C,T,T,A,G,T,T,A,C,T,G,T,C,A,G,T,G,A,G,A,A,A,A,A,G,C,C,G,G,A,A,A,A,T,C,A,A,A,A,T,T,G,G,G,G,A,G,A,G,T,C,A,A,A,A,T,T,T,T,G,G,A,G,G,G,T,G,T,G,T,C,T,C,T,C,T,C,T,C,T,C,A,G,A,G,A,C,T,T,G,G,A,G,A,G,T,C,A,A,T,C,C,C,T,C,C,C,C,C,A,G,A,G,G,G,A,G,C,C,T,C,T,C,T,T,A,G,T,C,T,C,C,C,A,G,T,T,T,C,A,G,G,G,C,C,C,C,T,C,A,C,A,G,T,C,A,G,G,G,C,C,A,G,T,T,G,G,A,G,G,G,T,G,A,C,G,G,T,T,G,G,A,A,G,G,T,C,T,T,T,T,C,C,T,C,A,A,C,C,A,C,G,G,T,T,A,A,T,C,A,G,A,C,T,G,T,C,A,A,T,C,T,T,A,C,A,G,T,C,T,C,T,G,T,G,A,A,C,C,A,A,A,G,A,C,G,G,T,T,T,C,T,C,G,G,G,G,A,A,T,T,T,T,A,A,G,G,A,A,T,T,T,T,T,T,A,A,G,G,T,T,A,A,T,T,T,T,T,T,A,A,T,T,T,T,T,T,A,A,C,C,C,C,C,C,A,A,T,C,T,C,A,A,C,C,T,T,C,C,A,C,T,C,A,G,C,C,G,G,A,G,T,C,G,G,A,A,C,C,T,T,G,G,C,C,T,C,T,G,G,G,C,C,T,T,A,G,G,G,T,C,T,T,A,A,C,C,T,C,G,G,G,G,T,C,A,G,T,C,T,G,C,C,C,C,C,C,T,T,C,C,T,T,T,C,T,T,G,G,A,G,A,G,A,A,T,G,T,C,G,G,T,C,T,C,T,C,A,G,T,T,G,G,T,C,A,G,T,G,T,T,A,G,T,C,T,C,A,G,T,C,C,C,T,G,T,C,T,C,T,C,C,C,T,T,T,T,T,T,G,G,A,C,G,G,T,C,T,C,T,T,A,G,G,G,T,C,A,C,G,G,C,C,C,C,T,T,A,A,G,G,A,A,T,T,C,C,T,G,T,G,T,T,C,C,G,G,A,A,C,C,G,G,A,C,A,A,T,C,G,G,T,C,T,G,T,C,C,C,T,C,A,G,T,T,T,C,A,G,A,G,A,A,G,G,T,C,C,C,T,T,T,G,C,C,A,T,T,T,C,C,T,G,A,A,T,T,C,C,G,G,T,T,A,A,T,T,A,A,A,A,T,T,G,G,A,A,G,G,T,T,C,C,C,C,A,A,A,A,G,G,T,T,A,A,A,A,G,G,T,T,C,C,G,G,C,C,T,T,T,T,C,C,C,C,T,T,G,G,T,T,T,T,A,A,C,C,C,C,G,G,C,C,G,G,G,G,A,A,A,A,A,A,T,C,A,G,T,T,A,A,T,T,A,G,A,G,T,G,T,C,G,G,T,T,T,T,C,C,A,C,A,A,A,G,A,A,T,C,T,C,A,A,T,C,C,C,T,T,T,C,A,G,C,C,C,C,A,G,T,G,A,G,A,G,G,G,T,C,A,G,A,A,A,G,T,C,A,G,G,G,A,G
B30,145,15.4,A,A,C,C,C,C,T,C,T,C,T,C,A,C,T,C,T,T,T,T,T,T,T,C,G,G,G,G,T,T,T,C,A,C,A,A,T,C,C,C,C,C,T,C,A,A,C,C,A,C,C,C,G,G,A,C,T,G,T,C,A,G,A,G,T,T,T,G,G,G,T,C,A,A,T,G,T,C,G,G,G,G,A,G,A,G,C,C,A,G,A,A,G,G,A,G,A,A,T,T,A,G,A,G,C,C,A,A,A,G,A,A,A,A,T,C,C,C,A,G,T,T,T,C,A,A,G,G,T,G,G,G,T,G,T,T,T,C,T,T,T,T,T,T,C,C,A,A,G,G,A,C,T,G,T,G,A,A,G,G,T,C,A,G,T,C,C,C,T,T,T,C,T,C,G,G,G,G,G,G,A,G,C,C,C,C,T,T,T,T,G,G,T,C,T,T,A,C,G,G,T,C,T,C,A,G,G,G,G,C,C,C,T,T,C,C,A,A,T,T,A,A,A,G,C,C,A,G,T,C,A,G,A,G,G,G,G,G,A,C,G,G,T,G,G,G,A,A,G,G,T,C,C,C,T,T,C,C,T,T,A,G,C,C,C,C,A,G,T,C,A,C,T,T,A,G,C,C,G,G,T,C,A,A,C,C,G,G,A,C,A,G,T,C,T,C,G,G,G,G,A,G,T,T,A,C,A,A,C,C,G,G,T,G,C,C,T,C,A,G,A,G,A,G,T,G,T,T,A,A,G,G,G,G,T,T,T,T,T,C,A,G,A,G,T,T,A,G,T,C,T,T,T,T,A,G,T,T,T,T,T,C,A,A,C,C,T,T,T,T,G,G,C,C,T,T,A,G,T,C,T,T,C,C,A,C,T,C,G,G,T,C,G,G,A,G,T,T,A,A,G,G,C,C,C,C,G,G,T,C,T,C,T,T,A,A,T,T,C,C,A,G,G,G,T,C,T,C,G,G,C,C,T,C,A,G,A,A,C,C,A,A,T,C,T,G,T,C,T,C,A,A,C,C,C,G,T,C,T,T,T,G,A,G,A,A,A,G,A,A,T,G,T,T,G,G,T,C,C,C,T,C,A,A,T,C,G,G,C,C,A,A,T,T,T,T,A,G,T,C,T,C,A,G,T,C,T,C,T,G,T,C,T,T,T,C,T,C,T,T,C,C,T,T,A,G,A,A,A,A,T,C,T,C,T,G,A,A,G,G,C,C,C,C,G,G,C,C,T,T,A,A,G,G,A,A,C,C,C,C,T,T,T,G,G,G,T,T,T,C,T,G,A,C,T,C,A,G,A,A,A,A,T,T,T,G,T,T,T,G,C,C,C,C,T,C,A,G,T,T,T,C,A,G,G,G,A,A,G,G,C,C,C,C,T,T,T,G,C,C,A,A,C,C,T,T,T,T,A,G,T,C,T,C,A,G,G,G,G,G,C,C,G,G,G,G,T,C,A,G,G,G,A,A,T,C,T,T,C,G,A,A,A,A,G,G,C,C,G,G,G,G,A,G,T,T,C,C,G,G,T,T,T,C,T,T,T,C,C,C,C,C,A,A,T,T,C,C,A,G,T,C,C,C,G,G,C,C,T,T,A,A,G,G,A,A,G,G,T,C,A,A,T,C,G,G,T,T,A,A,A,A,T,G,T,T,A,A,T,C,T,T,T,T,A,C,G,G,G,G,A,A,T,T,T,C,A,A,T,C,C,C,T,T,T,C,A,A,A,A,T,C,A,G,T,G,A,G,A,G,A,A,C,C,A,G,A,A,A,G,C,C,A,G,G,G,G,G
B31,150,18.98,G,G,C,C,C,C,C,C,C,C,T,T,A,A,T,T,C,C,C,C,T,T,C,C,A,A,T,T,C,C,T,T,C,C,A,A,C,C,C,C,T,T,T,T,A,A,C,C,A,A,C,C,G,G,A,A,G,G,C,C,A,A,A,A,T,T,T,T,G,G,T,T,A,A,G,G,T,T,A,A,G,G,A,A,G,G,C,C,G,G,C,C,G,G,G,G,A,A,T,T,A,A,G,G,T,T,G,G,G,G,G,G,A,A,T,T,A,A,G,G,C,C,C,C,A,A,A,A,T,T,T,T,T,T,T,T,T,T,T,T,T,T,C,C,T,T,G,G,A,A,C,C,T,T,G,G,G,G,A,A,T,T,A,A,T,T,C,C,T,T,C,C,C,C,G,G,A,A,G,G,G,G,T,T,C,C,C,C,T,T,G,G,T,T,T,T,C,C,G,G,T,T,C,C,G,G,T,T,G,G,T,T,T,T,A,A,A,A,C,C,A,A,A,A,C,C,G,G,T,T,G,G,A,A,A,A,G,G,A,A,A,A,G,G,A,A,G,G,G,G,T,T,C,C,C,C,C,C,C,C,A,A,T,T,A,A,G,G,T,T,C,C,C,C,G,G,A,A,G,G,T,T,A,A,T,T,T,T,C,C,A,A,T,T,T,T,T,T,T,T,A,A,C,C,C,C,G,G,C,C,A,A,T,T,C,C,T,T,A,A,A,G,A,G,T,T,T,T,A,G,T,T,A,G,T,C,T,C,T,C,A,G,A,A,C,C,G,G,T,C,T,G,T,G,G,G,T,T,T,C,T,C,A,A,C,C,T,C,T,C,A,G,T,C,T,C,A,A,T,T,T,T,T,T,C,C,T,C,A,G,C,C,A,G,A,G,T,C,A,G,G,G,T,C,C,C,A,A,C,C,T,T,T,T,A,A,T,C,C,C,G,G,A,G,T,C,C,C,A,A,C,C,T,C,A,G,A,A,T,C,A,A,T,T,G,G,C,C,T,C,A,C,T,C,C,C,T,C,T,C,G,G,A,G,A,A,A,G,A,A,T,T,T,C,A,G,C,C,C,C,C,C,A,A,T,C,G,G,C,C,A,G,T,G,T,T,G,G,C,C,T,C,A,G,T,C,T,C,T,G,T,C,T,C,T,C,T,T,T,T,T,T,T,T,A,G,A,A,A,G,T,C,T,C,T,G,A,G,G,G,C,C,A,C,T,G,C,C,C,C,T,T,A,A,G,G,A,C,T,C,T,C,T,G,T,G,T,T,T,C,G,G,A,A,C,C,A,G,A,A,A,A,C,C,G,G,C,C,T,T,T,T,C,C,T,T,G,G,T,T,C,C,A,G,A,G,A,G,G,G,T,C,T,C,T,T,G,G,T,C,T,T,T,C,C,C,T,G,A,G,T,T,C,C,A,G,T,G,A,G,T,T,A,A,G,G,T,C,A,G,A,A,A,G,T,C,T,C,C,G,A,G,A,G,A,G,C,C,G,G,A,A,A,G,T,C,C,C,A,G,T,C,T,T,T,C,C,C,T,C,T,C,G,G,T,C,T,C,A,G,T,C,T,T,A,A,C,C,T,G,A,A,A,A,G,G,A,A,T,T,A,G,T,T,A,G,T,T,A,G,A,A,T,T,T,C,A,G,T,T,T,C,T,C,A,C,A,A,A,G,A,G,T,C,T,C,A,C,T,C,T,C,C,C,T,T,A,G,A,C,T,C,A,A,T,T,G,G,A,G,G,G,T,C,G,G,A,A,G,G,C,C,G,G,T,T,G,G
B32,146,18.43,G,G,T,C,A,C,C,C,T,C,T,T,A,C,T,T,C,C,T,T,T,C,C,C,A,G,T,G,T,T,T,T,A,A,A,G,T,T,C,C,T,T,T,T,A,A,T,T,A,A,C,C,A,G,C,C,G,G,C,C,A,G,A,G,C,C,G,G,G,G,T,C,A,A,T,G,T,T,G,G,T,G,A,G,A,G,A,A,A,A,C,C,G,G,G,G,A,G,C,C,A,G,A,G,T,C,A,G,G,G,G,G,A,A,T,T,C,C,A,G,T,C,T,C,G,G,A,A,G,G,T,T,G,G,T,C,T,C,T,T,T,T,T,C,T,C,A,A,A,G,C,C,T,T,G,G,A,G,A,G,T,C,A,G,C,C,T,C,T,C,T,C,T,C,G,G,A,A,G,G,A,G,T,C,C,C,T,T,T,C,A,G,T,C,T,C,A,C,G,G,T,C,T,C,A,A,G,G,G,C,T,C,T,C,A,C,G,G,T,C,A,A,G,G,T,C,A,G,T,T,A,G,A,G,G,G,G,G,A,A,A,G,T,G,A,G,A,G,A,G,T,T,T,C,T,T,T,C,T,T,G,G,T,C,A,A,A,G,T,C,C,C,C,C,G,G,C,C,T,T,T,C,A,A,C,C,T,T,A,A,G,G,T,C,T,T,T,G,T,T,A,G,C,C,A,C,A,G,C,C,A,A,G,G,T,C,C,C,G,G,G,G,A,A,G,G,T,T,A,A,T,G,A,G,T,T,T,C,T,C,A,G,A,G,T,T,G,G,C,C,T,G,T,T,A,G,G,G,C,C,C,C,A,A,C,C,T,C,T,T,A,G,T,T,C,C,A,G,C,C,T,T,T,C,A,C,T,T,A,G,T,C,G,G,A,G,T,C,A,G,A,G,C,C,C,C,A,A,C,C,T,T,T,T,A,A,T,C,C,C,G,G,A,A,C,C,T,C,A,A,C,C,C,C,A,G,A,G,C,C,A,G,T,C,T,G,T,C,T,T,C,C,T,C,C,C,T,C,T,T,T,T,G,G,A,G,A,G,A,A,T,G,T,C,A,G,T,T,C,C,T,C,A,A,T,C,A,G,C,C,A,G,T,G,C,C,G,G,T,T,T,C,G,G,C,C,C,C,T,T,C,C,T,C,T,C,T,T,T,G,T,C,T,C,G,G,A,C,A,G,T,C,T,C,T,T,G,G,A,G,T,C,A,C,G,G,C,C,T,C,T,T,A,A,A,G,A,C,T,T,T,C,T,T,T,G,T,G,T,C,T,G,A,A,T,T,G,G,C,C,A,G,C,C,T,T,C,C,T,T,T,C,T,C,C,C,A,G,C,C,C,C,G,G,A,A,A,A,A,A,C,C,T,C,T,C,G,G,T,T,T,T,T,C,T,C,T,G,A,G,C,C,T,T,G,G,G,G,A,A,C,C,A,G,A,G,T,C,G,G,A,G,G,G,T,T,T,C,G,G,G,G,A,G,A,A,T,C,G,G,G,G,A,G,C,C,T,T,A,G,T,T,T,T,C,C,T,C,C,C,T,C,G,G,T,C,T,C,A,G,T,C,C,C,A,G,T,C,G,G,A,G,A,G,A,A,A,A,T,T,A,G,T,T,A,A,T,C,A,G,G,G,G,G,C,C,G,G,T,C,T,T,T,C,C,C,G,G,G,G,G,G,C,C,T,C,C,C,T,C,T,C,T,T,C,C,A,G,C,C,T,C,A,G,T,G,A,A,A,A,A,G,C,C,A,A,A,C,A,G,C,C,A,G,G,G,A,G
B33,106,25.49,A,G,T,C,C,C,C,C,C,C,T,T,A,A,T,C,C,C,T,C,T,T,T,C,A,A,T,T,C,C,T,C,C,C,A,A,T,C,T,C,T,C,T,T,A,A,T,C,A,A,C,C,A,G,C,C,T,T,T,T,G,G,G,G,T,T,T,T,A,G,T,T,C,C,T,G,T,T,G,G,G,G,A,G,A,G,A,C,A,G,A,C,G,G,A,G,A,G,T,C,A,G,G,G,T,T,G,G,G,G,G,G,G,G,C,C,A,A,A,G,T,T,T,T,G,G,G,G,G,G,T,G,T,G,T,C,T,C,T,C,T,C,T,T,T,C,A,A,A,G,A,C,T,T,G,G,A,G,A,G,T,T,A,A,T,T,C,C,T,T,C,C,C,C,G,G,G,G,G,G,A,G,C,C,C,C,T,C,T,T,G,G,C,C,T,T,A,C,A,G,T,T,C,C,A,G,G,G,G,C,C,C,T,T,A,C,A,A,T,C,A,A,G,G,C,C,A,A,T,C,A,A,A,A,G,G,G,G,C,C,G,G,T,T,G,G,A,A,G,G,T,T,C,C,T,T,T,C,T,T,A,G,C,C,A,C,A,A,C,C,C,C,T,C,A,G,C,C,T,G,T,C,A,A,C,C,T,T,A,A,A,G,T,T,T,C,G,G,T,G,G,G,T,T,A,C,A,G,A,C,A,G,T,G,C,C,T,C,A,G,A,A,G,G,T,G,T,T,G,G,G,G,A,A,T,C,T,T,T,C,A,G,G,G,T,T,A,G,T,C,T,G,T,G,A,A,T,T,T,C,T,T,A,A,T,C,T,C,T,C,A,G,C,C,T,T,A,A,T,C,T,T,C,C,A,A,T,T,A,A,T,C,G,G,A,A,C,C,A,G,A,G,C,C,C,C,A,G,T,C,T,T,T,T,A,G,T,C,C,C,G,G,A,G,T,C,C,C,A,G,C,C,T,C,A,A,A,A,T,C,A,G,T,C,T,G,T,T,T,C,A,C,T,C,C,G,T,C,T,T,G,G,G,G,A,A,G,G,A,A,T,T,T,T,G,G,C,C,C,C,C,C,A,A,C,C,G,G,C,C,A,A,T,T,T,T,G,G,C,C,T,T,G,G,C,C,C,C,T,T,C,C,C,C,C,C,T,T,T,T,T,T,T,C,A,A,A,A,A,A,T,C,T,C,G,G,G,G,A,G,T,C,A,C,T,G,C,C,T,C,T,A,A,G,A,A,C,C,C,C,T,C,G,G,T,G,T,G,T,T,T,T,A,C,T,C,G,G,A,C,A,A,C,C,T,G,C,C,T,G,T,C,T,C,C,C,G,G,T,T,C,C,G,G,G,G,G,G,G,G,T,T,T,T,T,T,G,G,T,C,A,T,C,C,T,C,T,G,A,G,T,C,T,C,A,G,T,T,A,G,T,C,A,G,G,G,T,C,A,G,A,A,A,A,C,C,T,C,C,G,G,G,A,A,A,G,C,C,A,G,A,G,A,G,T,C,T,C,A,A,T,C,T,T,C,C,C,C,T,C,T,C,A,G,C,C,T,T,A,A,T,T,T,C,A,G,C,C,T,G,A,G,A,G,G,G,G,G,T,T,G,G,C,C,A,G,T,T,A,A,A,A,T,G,T,C,G,G,C,C,T,C,C,C,A,A,G,G,G,G,A,A,T,C,T,C,A,C,T,T,C,C,T,C,C,C,A,A,A,A,C,C,A,A,T,T,G,G,G,G,G,G,C,C,G,G,A,A,G,G,C,C,G,G,T,T,A,G
B34,153,19.64,A,G,C,C,C,C,C,C,T,T,C,C,A,A,T,C,T,C,T,T,T,T,T,C,A,G,G,G,T,C,T,C,A,C,A,A,C,C,T,C,T,C,T,C,A,A,T,C,A,A,T,C,G,G,A,C,G,G,C,C,G,G,A,A,T,T,G,G,A,G,T,C,A,C,G,G,T,T,A,G,G,G,A,A,G,G,C,C,A,A,A,C,A,G,A,G,A,A,T,T,A,A,A,A,T,C,A,G,A,A,A,G,A,G,T,C,A,C,G,G,T,T,T,C,A,G,A,G,T,G,G,G,G,G,T,C,T,C,C,C,T,C,T,T,T,C,A,A,A,A,A,C,T,T,G,G,A,G,A,G,T,T,A,A,T,C,T,C,T,T,T,C,T,C,G,G,A,G,G,G,A,G,C,C,T,C,T,T,C,C,A,G,T,C,T,C,A,A,G,G,T,T,C,C,A,G,T,T,G,C,C,C,T,T,C,C,G,G,T,T,A,A,G,G,C,C,A,A,T,T,A,G,A,A,A,G,G,G,A,C,A,G,T,G,A,G,A,G,G,G,T,T,C,C,T,C,C,C,T,C,A,A,T,C,A,C,A,G,T,C,C,C,T,C,A,G,A,C,G,G,T,T,A,A,T,C,T,G,C,C,A,G,T,T,T,T,T,G,T,G,A,G,T,C,A,C,A,G,C,C,A,G,T,T,C,C,T,T,A,G,A,G,A,G,T,G,T,T,A,G,T,G,A,G,T,T,T,T,T,C,A,G,A,G,T,T,A,G,T,C,T,T,T,T,A,G,T,T,T,T,T,C,A,A,C,C,T,T,T,T,G,G,C,C,T,T,A,G,T,C,T,T,C,C,A,C,T,C,G,G,T,C,G,G,A,G,T,T,A,A,G,G,C,C,C,C,G,G,T,C,T,C,T,T,A,A,T,T,C,C,A,G,G,G,T,C,T,C,G,G,C,C,T,T,A,G,A,A,T,C,A,G,T,C,T,G,T,C,T,C,A,C,T,C,C,G,T,T,T,T,T,G,A,A,A,A,A,A,A,A,T,G,T,C,G,G,T,C,C,C,T,C,A,A,T,T,G,G,C,C,A,A,T,G,T,T,A,G,T,C,T,T,A,G,T,T,T,T,G,G,T,T,T,C,T,T,T,C,T,T,T,T,T,T,G,G,A,C,A,G,C,C,T,T,T,G,A,G,A,G,C,C,A,C,T,G,T,C,C,C,T,A,A,G,A,G,A,C,T,T,T,T,T,T,T,T,T,T,T,C,T,G,A,A,T,T,G,G,A,C,G,G,T,T,T,G,C,C,T,T,T,T,T,C,C,C,G,G,T,C,C,C,A,G,A,A,A,A,A,G,T,C,T,C,T,C,T,G,C,C,A,T,T,T,T,C,T,G,A,G,T,C,C,C,A,G,G,G,A,G,T,C,G,G,A,G,T,C,A,A,G,G,A,G,T,C,T,C,C,G,A,G,A,G,A,A,C,C,G,G,A,G,A,G,C,C,T,T,A,G,T,C,T,C,T,C,C,C,T,T,T,C,G,G,T,C,T,C,A,G,T,C,T,C,G,G,T,C,T,T,A,G,G,G,A,G,G,G,T,T,A,G,C,C,G,G,T,T,A,A,A,A,T,G,T,T,A,G,T,C,T,T,T,C,A,A,A,G,G,G,A,G,T,T,T,C,A,C,T,C,T,C,T,C,T,C,A,A,A,A,T,C,A,G,T,G,G,G,A,G,A,A,C,C,A,G,A,A,G,G,C,C,A,A,G,G,A,G
B35,93,31.75,A,G,C,C,C,C,C,C,T,C,T,C,A,A,C,C,C,C,T,C,C,C,T,C,A,G,T,G,T,C,T,C,C,C,A,A,T,C,C,C,T,C,T,C,A,G,T,C,A,A,C,C,G,G,A,C,G,G,C,C,A,G,A,A,C,C,T,G,G,G,T,C,A,A,T,T,T,C,A,G,T,G,A,A,A,G,A,C,A,A,A,C,G,G,A,G,A,G,C,C,A,A,A,G,T,T,G,G,G,G,G,G,A,G,T,C,A,A,A,G,T,C,T,C,A,G,G,G,G,G,G,G,G,G,C,C,C,C,T,T,T,T,T,T,C,C,A,A,G,G,A,A,T,T,G,G,A,A,G,G,T,T,A,A,T,T,C,C,T,T,T,C,C,C,A,G,A,G,A,G,A,G,T,C,T,C,T,C,T,C,G,G,T,C,T,T,A,C,G,G,T,C,T,T,A,A,G,G,C,C,C,C,T,C,A,C,G,G,T,T,A,A,G,G,C,C,A,G,T,T,G,G,G,G,G,G,T,G,C,C,G,G,T,T,G,G,A,A,A,G,C,C,T,C,T,T,T,C,C,C,A,G,T,C,C,C,A,G,T,C,A,C,T,C,A,G,A,C,T,T,T,C,A,G,T,C,T,G,A,C,A,G,T,T,T,T,T,G,T,T,A,A,T,C,A,C,A,A,C,C,G,G,T,G,C,C,T,T,A,G,G,G,A,A,T,T,T,T,A,A,G,G,A,G,T,T,T,T,T,T,A,A,G,G,T,T,A,A,T,T,T,T,T,T,A,A,T,T,T,T,T,C,A,A,C,C,T,C,T,C,A,G,C,C,T,T,A,G,T,C,T,T,T,C,A,C,C,C,G,G,C,C,G,G,G,G,T,C,A,G,A,G,C,C,T,C,G,G,C,C,T,T,T,T,A,G,T,C,T,C,A,G,G,G,C,C,T,C,A,G,C,C,C,C,A,G,A,G,C,C,A,G,T,T,T,G,C,C,T,C,A,C,T,C,C,C,T,C,T,C,T,G,G,G,A,G,A,G,A,A,T,T,T,C,G,G,T,C,T,C,T,C,A,G,T,T,G,G,C,C,A,G,T,G,T,C,G,G,C,C,C,C,A,A,T,C,C,C,T,G,T,C,T,T,C,C,T,C,T,T,T,C,T,T,A,G,A,C,A,G,T,C,C,C,T,T,A,G,G,G,C,C,C,C,G,G,C,C,T,C,T,A,A,G,A,G,A,C,T,C,T,C,T,G,T,G,T,T,C,C,G,G,A,A,C,C,G,G,A,C,A,A,T,T,G,G,T,T,G,G,C,C,C,C,T,C,A,G,T,T,T,C,A,G,G,G,A,A,G,G,C,C,C,C,T,T,T,G,C,C,A,T,T,C,T,C,T,G,A,A,T,T,C,C,G,G,T,G,A,G,T,C,A,G,A,G,T,T,G,G,A,A,A,G,T,C,T,C,C,G,A,G,A,A,A,G,T,C,A,G,A,G,A,G,T,C,T,C,A,G,T,C,T,T,T,C,C,C,T,C,T,T,A,G,T,C,T,T,A,A,T,C,C,C,G,G,C,C,T,G,G,G,A,G,A,G,A,G,T,C,G,G,T,C,A,G,T,T,A,G,A,G,G,G,T,C,G,G,T,C,T,T,C,C,A,C,A,A,A,G,A,G,T,T,C,C,A,C,T,C,T,C,T,C,T,C,A,A,A,C,T,C,A,G,T,G,G,G,A,G,A,G,T,C,G,G,A,A,A,G,T,C,A,A,G,G,A,A
B36,138,20.74,A,G,C,C,C,C,C,C,T,C,T,C,A,A,T,C,T,C,T,C,T,T,T,C,A,G,T,G,T,C,T,T,A,C,A,A,T,C,T,C,C,C,T,T,A,A,C,C,A,C,C,C,A,A,C,C,T,G,T,C,A,G,G,G,T,T,T,T,A,G,T,T,A,A,T,G,T,C,G,G,T,G,A,G,A,A,C,C,A,G,A,C,A,G,A,A,A,A,T,T,A,G,A,G,T,C,A,G,G,G,A,G,G,G,T,C,A,A,A,G,T,C,T,T,G,G,G,G,G,G,G,G,T,G,T,C,T,C,T,T,T,T,T,T,C,C,A,A,A,G,C,C,T,G,T,G,A,A,G,G,C,C,A,G,C,C,C,C,T,T,T,T,T,T,G,G,A,G,G,G,A,A,T,C,C,C,T,T,C,C,A,G,T,T,T,C,A,A,G,G,T,C,T,C,A,G,G,G,C,C,C,C,C,C,C,C,G,G,T,T,A,G,G,G,T,C,A,G,T,T,A,G,A,G,G,G,T,G,A,A,A,G,T,G,G,G,A,G,G,G,T,C,C,C,T,T,T,T,T,T,G,G,C,C,A,A,A,A,C,C,A,C,T,C,G,G,A,A,T,T,C,C,A,G,T,T,G,G,C,C,A,G,T,T,T,C,T,G,T,T,A,A,C,C,A,A,A,A,A,C,A,G,T,G,C,C,T,C,G,G,G,G,A,G,T,T,T,T,A,A,G,G,A,A,T,T,T,T,T,C,A,G,G,G,T,T,A,G,T,C,T,T,T,G,A,A,T,G,T,C,T,C,A,A,C,C,T,C,T,C,A,A,C,C,T,T,A,G,C,C,T,T,C,C,A,C,C,C,A,G,T,C,G,G,A,G,T,C,G,G,A,G,C,C,T,T,A,G,C,C,T,C,T,G,G,G,C,C,T,T,A,G,G,G,C,C,T,C,A,A,T,C,T,C,G,G,G,G,T,C,A,G,C,C,T,G,C,C,C,C,A,A,C,C,C,G,T,T,T,T,T,T,G,G,A,G,A,A,A,A,T,G,T,C,G,G,T,C,T,C,T,C,A,G,T,T,A,G,C,C,A,G,T,G,T,C,G,G,C,C,C,C,A,A,T,C,T,C,G,G,T,T,T,C,C,C,T,T,T,G,T,C,T,C,A,A,A,A,A,G,T,C,T,C,T,G,A,G,A,G,T,C,A,C,T,G,C,C,T,C,T,A,A,G,A,A,C,C,C,C,T,T,T,G,G,G,T,G,T,C,T,G,A,A,T,C,G,G,A,C,A,G,T,C,T,G,T,C,T,G,T,C,T,C,T,C,G,G,T,C,C,C,A,G,A,G,A,A,A,G,C,C,T,C,T,T,T,G,T,C,A,T,C,C,T,C,T,T,A,A,T,C,T,C,G,G,G,G,G,G,T,C,A,G,G,G,T,C,A,G,A,G,A,A,C,C,T,T,G,G,G,G,A,G,A,A,T,C,A,G,A,G,A,A,C,C,T,C,A,A,T,C,T,T,C,C,C,C,T,C,T,C,A,G,C,C,T,T,A,A,T,T,T,C,A,G,C,C,T,G,A,G,A,G,G,G,G,G,T,T,G,G,C,C,A,A,T,C,G,G,G,G,G,G,C,C,G,G,T,C,T,T,T,C,A,C,G,G,A,G,A,G,T,C,T,C,A,C,C,C,T,T,T,C,C,C,A,G,C,C,C,C,A,G,T,G,A,G,A,G,G,G,T,C,A,G,A,A,G,G,C,C,A,G,T,G,A,G
B37,165,17.8,A,G,C,C,0,0,0,0,T,C,T,C,A,C,T,C,T,C,T,C,0,0,0,0,A,G,T,G,T,T,0,0,0,0,0,0,T,C,C,C,T,C,T,C,0,0,C,C,A,C,C,C,A,G,A,C,T,G,T,C,0,0,0,0,T,C,T,G,0,0,0,0,0,0,T,G,T,C,A,G,G,G,0,0,0,0,0,0,A,G,0,0,G,G,A,G,A,G,T,C,0,0,A,G,0,0,0,0,0,0,A,G,A,A,0,0,A,C,0,0,T,C,T,C,0,0,0,0,T,G,T,G,T,G,T,C,T,C,T,T,T,T,0,0,0,0,A,G,A,G,C,C,0,0,0,0,G,G,0,0,0,0,A,G,T,C,T,C,0,0,0,0,T,C,G,G,A,G,G,G,0,0,T,C,T,C,T,C,T,C,A,G,T,C,T,C,0,0,G,G,0,0,0,0,A,G,T,G,G,C,T,C,T,T,0,0,0,0,T,T,A,A,0,0,T,C,A,G,0,0,A,G,0,0,G,G,G,G,A,C,A,G,T,G,G,G,A,A,G,G,T,C,C,C,T,T,T,C,0,0,G,G,C,C,A,C,A,G,T,C,A,C,0,0,0,0,C,C,0,0,C,C,A,G,C,C,0,0,A,C,A,G,0,0,T,C,T,G,T,G,0,0,T,C,A,C,0,0,A,C,A,G,T,G,T,C,C,C,A,G,A,G,A,A,T,G,T,C,A,G,G,G,A,G,T,T,T,T,0,0,0,0,G,G,T,T,A,A,0,0,T,T,T,T,A,A,T,T,T,T,T,C,A,A,C,C,T,C,T,C,A,G,T,C,T,C,A,G,T,C,T,T,C,C,C,C,T,C,A,G,C,C,G,G,A,G,T,T,A,G,A,G,C,C,T,C,0,0,C,C,T,C,T,G,A,G,T,C,T,C,G,G,A,G,T,C,0,0,A,A,C,C,T,C,A,G,0,0,T,C,A,A,0,0,G,G,C,C,T,C,0,0,T,C,C,C,0,0,T,T,T,G,A,G,A,G,G,G,A,G,G,G,T,C,G,G,T,T,T,T,T,T,G,G,T,C,G,G,T,C,A,G,T,G,T,T,A,G,T,C,T,C,G,G,T,C,C,C,T,T,C,C,C,C,T,C,C,C,T,T,T,C,T,C,A,G,A,A,A,G,T,T,T,C,T,G,A,G,A,G,T,C,A,C,G,G,C,C,T,C,T,T,A,G,G,G,A,C,T,C,C,C,T,T,T,G,0,0,0,0,0,0,A,A,0,0,G,G,0,0,0,0,T,C,0,0,T,C,T,G,0,0,T,C,T,C,G,G,0,0,C,C,G,G,A,G,A,A,0,0,T,C,C,C,0,0,0,0,0,0,A,T,T,C,T,C,T,T,0,0,T,C,T,C,0,0,T,G,G,G,C,C,A,G,0,0,T,T,A,G,A,G,A,A,C,C,T,T,G,G,A,G,A,A,A,G,T,C,G,G,G,G,A,G,0,0,T,C,A,G,T,C,T,C,T,C,0,0,0,0,C,C,0,0,T,C,T,C,A,G,T,C,0,0,0,0,C,C,0,0,A,A,0,0,A,G,G,G,T,C,A,G,0,0,A,G,T,C,A,G,A,A,0,0,T,T,A,G,0,0,T,C,T,C,A,C,G,G,A,G,A,A,T,T,T,C,A,C,T,C,T,C,T,C,T,C,A,A,A,A,T,C,A,G,T,G,0,0,A,G,0,0,C,C,A,G,A,A,0,0,C,C,A,G,T,G,0,0
B38,137,17.92,A,G,C,C,C,C,C,C,C,C,T,T,A,A,T,T,C,C,C,C,T,T,C,C,A,A,T,T,C,C,T,T,C,C,A,A,T,C,T,C,T,C,T,T,A,A,C,C,A,A,C,C,A,G,A,C,T,G,T,C,G,G,G,G,T,C,T,T,G,G,T,T,A,C,T,T,C,C,A,G,T,G,G,G,A,A,C,C,G,G,A,A,G,G,G,G,G,G,C,C,A,G,A,G,T,C,A,G,G,G,G,G,A,A,T,T,C,C,A,G,T,C,T,C,A,G,A,G,T,G,T,T,T,T,T,T,T,T,T,C,T,T,T,T,C,C,A,G,A,A,A,C,T,G,T,G,A,G,A,A,T,T,A,G,T,C,T,C,T,C,T,T,T,C,A,A,A,A,A,G,A,G,C,C,T,C,T,C,T,C,A,G,T,T,T,C,A,C,A,G,T,C,C,C,A,G,T,G,G,C,C,C,T,C,A,C,G,G,T,T,A,G,A,G,T,T,G,G,T,T,A,G,A,G,G,G,T,G,A,C,A,G,T,T,G,G,G,G,G,G,C,C,C,C,T,T,T,T,T,T,G,G,T,C,A,C,A,G,T,C,A,A,T,T,A,G,A,C,T,T,C,C,G,G,T,T,T,G,A,C,A,A,T,T,C,C,T,T,T,G,A,G,T,C,A,A,A,A,C,C,G,G,T,G,C,C,T,C,G,G,A,G,A,G,T,G,T,T,A,G,G,G,A,A,T,C,T,T,T,T,A,A,G,G,T,T,A,A,T,T,T,T,T,T,A,A,T,T,T,T,T,T,A,A,C,C,C,C,C,C,A,A,C,C,T,T,A,A,C,C,T,T,C,C,A,A,C,C,G,G,C,C,A,G,A,G,C,C,G,G,A,G,T,C,T,C,A,G,C,C,T,T,T,T,A,G,T,C,T,C,A,G,G,G,T,C,T,C,A,A,C,C,T,C,G,G,A,G,T,C,A,G,T,C,G,G,C,C,C,C,A,C,T,C,C,G,T,C,T,C,G,G,A,A,A,G,A,G,A,G,T,T,C,C,A,A,T,C,C,C,C,C,A,A,T,C,G,G,C,C,A,G,G,G,T,C,G,G,T,C,T,C,A,G,C,C,C,C,T,T,C,C,C,C,C,C,T,T,T,G,T,T,T,C,A,A,A,A,A,G,T,C,T,C,G,G,A,G,A,G,C,C,A,C,T,G,C,C,C,C,T,T,A,G,G,G,A,C,T,T,T,C,T,T,T,G,T,T,C,C,G,G,A,A,T,C,G,G,A,C,A,A,C,C,T,G,C,C,T,T,T,C,T,C,T,C,A,G,T,T,C,C,A,G,A,G,A,G,A,G,T,C,C,C,T,C,T,G,T,C,A,T,T,C,T,T,T,G,G,G,T,C,T,C,G,G,T,T,G,G,T,T,A,G,A,G,T,C,A,G,A,G,A,G,T,C,T,C,C,G,G,G,A,A,A,A,T,C,G,G,A,G,A,G,T,C,T,C,A,A,T,C,T,T,C,C,C,C,T,T,T,C,A,G,T,C,T,C,A,G,T,C,T,C,A,G,C,C,T,T,A,G,A,G,G,G,A,G,T,T,G,G,T,C,G,G,T,T,A,G,A,A,T,G,T,C,A,G,T,C,T,C,T,C,A,C,A,A,A,G,G,G,T,T,T,C,C,C,T,C,T,T,C,C,T,T,A,A,A,A,T,C,A,G,T,G,G,G,A,G,A,G,C,C,G,G,A,A,G,G,C,C,A,G,T,G,A,G
B39,169,23.4,A,G,C,C,C,C,T,C,C,C,C,C,A,C,T,T,T,T,T,C,C,C,C,C,G,G,T,G,T,C,T,T,A,C,A,G,T,C,C,C,T,T,T,T,A,G,T,T,A,A,C,C,A,A,C,C,T,T,T,T,A,G,A,G,T,T,T,G,A,G,T,T,A,C,T,T,T,T,G,G,T,G,A,A,A,G,A,C,A,G,A,A,G,G,G,G,A,G,T,C,A,A,G,G,T,T,G,G,G,G,A,G,A,G,C,C,A,A,G,G,T,T,T,T,G,G,A,G,G,G,T,T,T,T,T,C,T,T,C,C,C,C,T,C,T,T,A,G,A,A,C,C,T,T,G,G,A,G,A,G,T,T,A,A,T,T,C,C,T,T,C,C,C,C,G,G,A,G,A,G,A,A,C,C,T,C,T,T,C,C,A,G,T,C,C,C,A,C,G,G,T,T,C,C,A,G,T,T,G,C,C,C,T,T,C,C,G,G,T,T,A,A,G,G,C,C,A,A,T,T,G,G,A,G,A,G,G,G,A,C,A,G,T,G,A,A,G,G,G,G,T,T,C,C,T,C,T,C,C,C,A,G,T,T,A,C,A,G,T,C,C,C,C,C,G,G,A,C,T,G,T,C,A,A,T,C,T,G,A,C,A,A,T,T,T,T,T,G,T,T,A,G,T,C,C,C,G,G,C,C,A,G,T,T,T,C,T,C,A,A,A,G,A,A,T,T,T,C,G,G,T,T,A,A,T,T,C,C,C,C,G,G,A,A,C,C,G,G,C,C,G,G,G,G,A,A,T,T,T,T,T,T,A,A,C,C,T,T,C,C,A,A,C,C,T,T,G,G,C,C,T,T,C,C,C,C,T,T,A,A,T,T,A,A,A,A,C,C,G,G,G,G,C,C,T,T,A,A,C,C,T,T,T,T,A,A,T,T,C,C,G,G,G,G,C,C,T,T,A,A,C,C,T,T,A,G,A,G,T,C,A,G,T,C,G,G,C,C,C,C,A,C,T,C,C,G,C,C,T,C,T,G,A,G,A,G,G,G,A,G,G,G,C,C,G,G,T,T,T,C,T,T,G,G,C,C,G,G,C,C,A,G,T,G,T,C,A,A,T,T,C,C,A,A,C,C,C,C,T,T,C,C,T,C,C,C,T,C,T,T,T,C,T,C,A,G,A,A,A,G,C,C,T,C,T,G,G,G,G,G,C,C,A,C,T,G,C,C,T,C,T,T,A,G,A,A,A,C,T,C,T,C,G,G,G,G,T,T,C,C,G,G,A,A,T,T,G,G,C,C,A,A,T,C,T,G,T,C,T,T,C,C,C,C,T,T,G,G,T,C,C,C,G,G,A,A,A,G,G,G,T,T,T,C,T,C,G,G,T,C,T,T,T,C,T,C,G,G,A,G,T,T,C,C,A,G,T,T,A,G,T,C,A,A,G,G,T,C,A,G,A,G,G,G,T,C,T,T,G,G,A,A,G,G,A,G,C,C,G,G,A,A,A,G,T,C,T,C,A,G,T,T,T,C,T,T,T,C,T,C,T,T,A,G,T,C,T,C,A,A,T,C,T,C,A,A,C,C,T,G,A,G,A,G,A,G,A,G,T,C,G,G,T,T,A,G,T,T,A,G,A,A,T,T,C,C,G,G,C,C,C,C,T,C,A,A,G,G,G,G,A,G,T,T,T,C,C,C,C,C,T,T,T,C,T,T,A,G,A,C,T,C,G,G,T,G,G,G,A,A,A,G,T,C,G,G,A,A,G,G,C,C,A,G,T,G,A,G
B4,98,21.25,G,G,C,C,C,C,C,C,C,C,T,T,A,A,T,T,C,C,C,C,T,T,C,C,A,A,T,T,C,C,T,T,A,C,A,A,T,C,C,C,T,C,T,T,A,A,C,C,A,C,C,C,A,G,A,C,G,G,C,C,A,A,A,G,T,C,T,T,A,G,T,T,A,C,T,G,T,C,A,G,G,G,A,G,A,G,C,C,G,G,A,C,G,G,G,G,A,G,T,C,A,G,A,G,T,C,A,G,G,G,A,G,A,A,T,C,A,A,A,G,C,C,T,C,A,A,A,G,T,G,T,G,T,T,T,T,T,T,T,C,T,T,T,C,T,C,G,G,A,A,A,C,T,T,G,G,A,G,A,G,T,T,A,G,T,C,T,C,T,T,C,C,T,C,G,G,A,G,A,G,A,G,T,C,C,C,T,C,T,T,G,G,T,T,T,C,A,C,G,G,T,T,C,C,A,G,T,T,G,C,T,C,T,T,A,A,A,A,T,C,A,A,A,G,C,C,A,G,T,T,G,G,A,G,A,A,G,G,A,C,A,G,T,G,A,G,A,G,G,G,T,T,C,C,T,C,C,C,T,C,A,A,T,C,A,C,A,G,T,C,C,C,T,C,A,G,A,C,G,G,T,T,A,G,T,C,T,T,A,C,A,A,C,C,C,C,G,G,G,G,A,A,T,C,C,C,A,G,C,C,G,G,T,G,C,C,T,C,A,A,A,A,A,G,T,T,T,T,A,G,G,G,A,G,T,T,T,T,T,C,A,G,G,G,T,T,A,G,T,C,T,G,T,T,A,A,T,T,T,T,C,C,A,A,C,C,T,T,T,T,G,G,C,C,T,T,G,G,T,T,T,T,C,C,C,C,C,C,G,G,C,C,G,G,G,G,T,T,A,A,G,G,C,C,C,C,G,G,C,C,T,T,T,T,A,A,T,T,C,C,G,G,G,G,C,C,C,C,G,G,C,C,T,T,A,A,A,A,T,T,G,G,T,T,G,G,C,C,T,T,C,C,T,T,C,C,T,T,T,T,G,G,A,A,A,A,A,A,A,A,T,T,C,C,G,G,C,C,C,C,C,C,A,A,T,T,G,G,C,C,A,A,T,T,T,T,A,A,T,T,T,T,G,G,T,T,T,T,G,G,T,T,T,T,T,T,T,T,T,T,T,T,T,T,G,G,A,A,G,G,C,C,T,T,T,T,A,A,G,G,C,C,A,A,T,T,C,C,C,C,T,T,A,A,G,G,C,C,C,C,T,T,G,G,T,T,T,T,T,T,G,G,A,A,C,C,A,A,A,A,A,A,C,C,G,G,C,C,T,T,T,T,C,C,T,C,A,G,T,T,C,C,A,A,G,G,A,A,A,G,C,C,T,C,T,T,G,G,T,C,T,T,T,C,C,C,T,G,A,A,T,C,T,C,G,G,T,G,A,G,T,T,A,A,G,G,C,C,A,A,A,G,A,A,C,C,T,C,C,G,G,G,A,G,A,G,T,C,G,G,A,A,A,G,T,C,C,C,A,A,C,C,T,T,C,C,C,C,C,C,C,C,A,G,T,C,T,C,A,A,T,T,T,C,A,G,C,C,T,G,A,A,A,A,G,G,A,A,T,C,A,A,T,C,A,A,T,T,A,A,A,G,T,G,T,C,A,G,T,C,T,T,C,C,A,C,A,A,G,G,A,A,T,C,T,C,A,A,T,C,C,C,T,C,T,C,A,G,A,C,T,C,A,A,T,T,G,G,A,G,G,G,T,C,G,G,A,A,G,G,C,C,G,G,T,T,G,G
B40,108,26.11,G,G,T,C,C,C,T,T,C,C,C,C,A,C,C,C,T,C,T,T,T,C,T,T,G,G,G,G,T,C,T,C,A,A,A,A,T,C,T,C,T,C,C,C,A,A,T,T,A,C,T,T,A,G,C,C,T,T,T,T,A,A,A,G,T,C,T,T,A,A,T,T,A,C,T,G,T,C,G,G,G,G,G,G,A,A,A,C,G,G,A,C,A,G,A,A,A,A,T,T,A,G,A,G,T,T,G,G,G,G,A,G,A,G,T,T,A,C,A,A,T,T,T,T,A,G,A,G,T,G,T,G,T,T,T,C,T,T,T,T,T,C,T,C,T,C,A,A,A,A,A,C,T,T,G,G,G,G,A,A,T,T,A,G,T,C,C,C,T,T,T,C,C,C,A,G,A,G,G,G,A,G,T,C,C,C,T,C,T,C,A,G,T,C,T,C,A,C,G,G,T,T,C,C,G,G,T,T,G,C,T,C,T,T,A,C,A,G,T,C,A,A,A,A,C,C,G,G,T,T,G,G,A,A,A,A,G,G,A,A,A,A,G,G,A,A,G,G,G,G,T,T,C,C,C,C,C,C,C,C,A,A,T,T,A,A,G,G,T,T,C,C,C,C,G,G,A,A,G,G,T,T,A,A,T,T,T,T,C,C,A,A,T,T,T,T,T,T,T,T,A,A,C,C,C,C,G,G,C,C,A,A,T,T,C,C,T,T,G,G,G,G,A,A,T,G,T,T,A,A,T,G,A,G,T,T,T,T,T,T,A,A,A,G,T,T,A,G,T,C,T,G,T,T,A,G,T,G,T,C,T,C,A,A,C,C,T,C,T,C,A,G,C,C,T,T,A,A,T,C,T,T,T,C,A,C,T,C,A,G,C,C,G,G,A,G,T,C,G,G,A,A,C,C,T,T,G,G,C,C,T,T,T,T,G,G,C,C,T,T,A,G,G,G,C,C,T,C,A,G,C,C,T,C,A,G,A,G,T,C,G,G,T,C,G,G,C,C,T,C,A,A,C,C,C,G,T,C,T,T,T,G,A,G,G,G,G,G,A,G,T,G,T,C,A,G,T,T,C,C,T,C,A,A,C,C,G,G,C,C,A,A,T,G,T,C,A,G,T,T,T,T,G,G,C,C,C,C,T,T,C,C,C,C,C,C,T,T,T,G,T,T,T,C,A,G,A,C,G,G,C,C,T,C,T,G,G,G,G,G,C,C,C,C,G,G,C,C,C,C,T,T,A,A,G,G,A,A,T,T,C,C,T,T,T,G,T,T,C,C,G,G,A,A,C,C,A,G,A,C,A,G,T,C,G,G,C,C,T,G,T,C,T,T,C,C,A,G,T,C,C,C,G,G,A,G,A,G,A,A,T,C,C,C,T,C,T,G,T,C,A,T,T,C,T,T,G,G,G,G,T,T,C,C,A,A,T,G,A,G,T,C,A,G,A,G,T,C,A,G,G,G,A,A,C,C,T,C,G,G,G,G,A,G,A,G,T,T,A,G,G,G,G,G,T,C,C,C,A,G,C,C,T,T,T,C,C,C,C,C,T,C,A,A,T,T,C,C,G,G,C,C,T,C,G,G,T,C,T,G,G,G,G,G,A,A,A,G,T,C,A,G,T,C,A,G,T,C,A,G,A,G,T,G,T,C,A,G,T,C,T,T,T,C,A,C,G,G,A,G,A,G,T,T,T,T,A,C,T,T,T,C,T,T,C,C,A,A,A,C,T,C,A,G,T,G,A,G,A,G,G,G,C,C,G,G,A,A,G,G,C,C,G,G,T,G,A,G
B41,95,29.78,A,G,C,C,C,C,C,C,T,T,C,C,A,C,T,C,T,T,T,T,T,T,T,C,G,G,T,G,T,T,T,T,A,A,A,A,C,C,C,C,C,C,T,C,A,G,C,C,A,A,C,C,A,G,A,C,G,G,C,C,A,G,A,A,T,C,G,G,G,G,T,C,A,A,G,G,T,C,A,G,G,G,A,G,A,G,A,C,A,A,A,C,G,G,G,G,A,G,T,C,A,G,A,G,T,C,A,G,A,G,A,G,A,A,T,C,C,C,A,G,T,C,C,C,A,G,A,G,T,G,T,G,G,G,T,T,T,C,T,T,T,T,T,C,T,C,A,A,G,G,C,C,T,G,T,G,A,G,A,G,T,C,G,G,C,C,T,C,T,C,T,C,T,C,G,G,A,G,G,G,A,G,C,C,T,C,T,C,T,T,G,G,T,T,T,T,A,C,G,G,T,C,T,C,A,G,G,G,G,G,T,C,T,T,A,C,A,G,T,T,A,A,A,G,T,C,G,G,T,C,G,G,A,G,G,G,G,G,A,C,A,G,T,G,G,G,A,A,G,G,C,C,C,C,T,T,C,C,T,C,G,G,C,C,C,C,G,G,T,T,A,A,T,C,A,G,C,C,T,G,C,C,A,G,C,C,T,G,A,C,A,G,T,C,C,C,T,G,G,G,A,A,T,C,A,C,A,G,A,C,A,G,G,G,C,C,C,C,A,G,A,A,A,A,T,G,T,C,A,G,G,G,G,G,T,T,T,T,T,T,A,A,G,G,T,T,A,A,T,T,T,T,T,T,A,A,T,T,T,T,C,C,A,A,C,C,T,T,T,T,G,G,C,C,T,T,G,G,T,T,T,T,C,C,C,C,C,C,G,G,C,C,G,G,G,G,T,T,A,A,G,G,C,C,C,C,G,G,C,C,T,T,T,T,A,A,T,T,C,C,G,G,A,G,C,C,C,C,A,G,C,C,C,C,A,A,A,A,C,C,A,A,T,T,G,G,C,C,T,T,A,A,C,C,C,C,T,C,T,T,G,G,A,G,A,G,G,G,A,G,T,G,T,C,G,G,T,C,T,C,T,C,A,G,C,C,G,G,C,C,A,A,T,T,T,T,G,G,C,C,T,C,G,G,C,C,C,C,T,T,C,C,T,C,C,C,T,C,T,T,C,C,T,C,A,A,A,A,A,A,T,T,C,C,T,G,A,G,A,G,C,C,C,C,G,G,C,C,T,T,T,A,G,G,A,G,C,C,C,C,T,C,T,T,T,G,T,G,T,C,T,G,A,A,T,C,G,G,A,C,A,G,T,C,T,G,T,C,T,G,T,C,T,C,T,C,G,G,T,C,C,C,G,G,A,G,A,A,A,G,C,C,C,C,T,C,T,G,T,C,A,T,T,C,T,C,T,T,A,G,T,T,C,C,A,G,G,G,G,G,C,C,G,G,A,G,T,T,A,G,G,G,A,A,C,C,T,T,G,G,A,G,A,A,A,G,C,C,G,G,G,G,A,A,T,C,T,C,A,G,T,T,T,C,T,C,T,C,T,C,C,C,A,G,T,C,T,C,A,G,T,C,T,C,A,G,C,C,T,G,A,A,A,G,A,G,G,G,T,C,A,G,T,C,A,G,T,T,A,A,A,A,T,G,T,T,A,G,T,C,T,T,T,C,C,C,G,G,A,G,A,A,T,T,C,C,A,C,T,C,T,C,T,T,T,C,A,A,A,A,T,C,A,G,T,G,A,G,A,G,A,A,C,C,A,G,A,A,A,G,C,C,A,G,G,G,G,G
B42,144,17,A,G,C,C,C,C,C,C,T,C,T,C,A,A,T,C,C,C,T,C,T,C,C,C,A,G,T,G,C,C,T,T,C,C,A,A,T,C,C,C,T,T,T,C,A,A,T,C,A,A,C,C,G,G,A,C,G,G,C,C,A,G,A,G,C,C,T,G,G,G,T,C,A,A,T,T,T,C,G,G,G,G,A,G,A,G,C,C,A,G,A,A,G,G,G,G,G,G,C,C,A,A,G,G,T,T,G,G,G,G,G,G,A,G,T,C,A,A,G,G,T,C,T,C,A,G,G,G,G,G,T,G,T,G,T,C,T,C,T,C,T,C,T,T,T,C,A,A,A,G,A,C,T,T,G,G,A,G,A,G,T,T,A,A,T,T,C,C,T,T,T,C,C,C,A,G,A,G,A,G,A,A,T,C,T,C,T,C,C,C,A,G,T,C,T,C,A,A,G,G,T,C,T,C,A,G,T,G,C,C,C,C,T,C,C,C,G,G,T,T,A,A,G,G,C,C,A,G,T,T,A,G,A,G,G,G,G,G,A,C,G,G,T,G,G,G,A,A,A,G,T,C,C,C,T,T,T,C,C,C,G,G,T,C,C,C,A,G,T,C,A,C,T,C,A,G,C,C,T,T,C,C,A,G,C,C,T,G,C,C,G,G,T,C,T,C,G,G,T,G,A,A,T,C,A,C,A,G,A,C,G,G,T,G,T,C,T,C,A,G,G,G,A,A,T,T,T,T,A,A,G,G,A,G,T,T,T,T,T,T,A,A,G,G,T,T,A,A,T,T,T,T,T,T,A,A,T,T,T,T,T,C,A,A,C,C,T,C,T,C,A,G,T,C,T,C,A,G,T,C,T,T,C,C,A,C,T,C,A,G,C,C,A,G,A,G,C,C,G,G,A,G,T,C,T,C,A,G,C,C,T,T,T,T,A,G,T,C,T,C,A,G,A,G,C,C,T,C,A,G,T,C,C,C,G,G,G,G,T,C,A,G,T,T,T,T,T,C,T,C,A,C,T,C,C,G,T,T,T,C,T,G,A,G,A,G,A,A,A,G,T,G,T,C,G,G,T,C,T,C,T,C,A,A,T,T,A,G,C,C,A,G,T,G,T,C,G,G,C,C,C,C,A,A,T,C,C,C,T,G,T,C,T,T,T,C,T,C,T,T,T,C,T,T,A,G,A,C,A,G,T,C,C,C,T,T,A,G,G,G,C,C,C,C,G,G,C,C,T,C,T,A,A,G,A,G,A,C,T,C,T,C,T,G,G,G,T,T,C,C,G,G,A,A,C,C,A,G,A,C,A,G,T,T,G,G,T,T,T,G,T,C,C,C,T,T,G,G,T,T,C,C,G,G,G,G,A,A,G,G,C,C,T,C,T,C,T,G,T,C,A,T,T,C,T,C,T,T,A,G,T,T,C,C,G,G,T,G,G,G,T,C,A,G,G,G,T,T,G,G,A,A,A,A,C,C,T,C,G,G,G,G,A,A,A,A,T,C,A,G,A,G,A,A,C,C,T,C,A,G,T,C,T,T,C,C,T,C,T,T,T,C,A,G,C,C,T,T,A,A,T,C,C,C,G,G,T,C,T,G,G,G,A,G,A,G,A,G,T,C,G,G,T,C,A,G,T,T,A,G,G,G,G,G,C,C,G,G,T,T,T,T,C,C,C,C,A,G,A,A,A,A,T,T,C,C,A,A,T,T,C,C,T,T,C,C,A,A,A,C,C,C,A,A,T,T,G,G,G,G,G,G,T,C,G,G,A,A,A,G,T,C,A,G,T,G,A,G
B43,112,21.56,G,G,T,C,A,C,T,C,C,C,T,C,A,C,T,C,C,C,T,T,C,C,T,C,A,G,T,G,T,C,T,C,A,A,A,G,T,T,T,C,T,T,T,C,A,A,T,T,A,A,T,C,A,A,C,C,T,G,T,C,A,G,A,G,T,C,T,G,A,G,T,T,A,A,T,T,T,C,G,G,T,G,G,G,A,A,A,C,A,G,A,C,A,G,A,G,A,G,T,C,G,G,G,G,T,T,G,G,G,G,G,G,A,G,T,T,C,C,A,A,T,C,T,C,G,G,A,A,T,G,T,T,T,G,T,T,T,T,T,T,T,T,T,C,T,C,A,A,A,G,A,C,T,T,G,G,G,G,A,A,T,T,G,G,C,C,T,C,T,C,T,C,C,C,A,G,A,G,G,G,A,G,T,C,C,C,T,T,T,C,A,A,C,C,C,C,A,C,G,G,T,T,C,C,A,G,T,G,G,C,T,C,T,T,A,C,G,G,T,C,A,A,A,G,T,C,G,G,T,T,G,G,A,G,A,G,G,G,A,A,A,A,T,G,A,A,G,G,A,G,T,T,T,C,T,C,C,C,T,C,A,G,T,T,A,A,G,G,T,T,C,C,C,C,G,G,A,C,T,G,T,T,A,A,T,C,T,T,A,C,A,G,T,C,T,T,T,T,T,T,A,G,C,C,C,C,G,G,C,C,A,A,T,G,C,C,T,C,A,G,A,G,A,A,T,G,T,T,A,G,T,T,A,G,T,T,T,C,T,C,A,G,A,A,T,C,G,G,C,C,G,G,T,G,A,G,T,G,T,C,T,C,A,A,C,C,T,C,T,C,A,G,T,C,T,C,A,A,C,C,T,T,C,C,A,C,T,C,G,G,C,C,G,G,G,G,T,C,A,G,A,G,C,C,T,C,A,G,C,C,T,T,T,T,A,G,C,C,T,C,A,G,A,G,C,C,T,C,A,A,C,C,C,C,A,G,A,G,C,C,A,G,C,C,T,G,C,C,T,C,A,C,C,C,C,G,C,C,T,T,T,G,A,G,G,G,G,G,A,G,T,T,C,C,A,A,T,T,C,C,C,C,A,A,T,C,A,G,C,C,A,G,G,G,C,C,G,G,T,T,T,T,G,G,C,C,C,C,T,T,C,C,C,C,C,C,T,T,G,G,T,T,C,C,A,G,A,C,G,G,C,C,T,C,T,G,A,G,A,G,C,C,A,C,T,G,C,C,C,C,T,T,A,G,G,G,A,C,T,T,T,C,T,T,T,G,T,G,T,C,T,G,A,A,T,T,G,G,C,C,A,G,C,C,T,T,C,C,T,T,T,C,T,T,C,C,A,G,T,C,C,C,A,G,A,G,A,A,A,A,C,C,C,C,C,C,T,G,T,T,T,T,T,T,T,T,G,G,G,G,T,C,T,C,A,G,G,G,A,A,T,C,G,G,G,G,C,C,A,G,A,A,A,G,T,C,C,C,C,G,G,G,A,G,A,G,C,C,G,G,A,G,A,G,C,C,T,C,A,G,T,C,T,C,T,C,T,C,C,C,T,T,G,G,T,T,T,T,A,A,C,C,C,C,G,G,C,C,G,G,G,G,A,A,A,A,A,A,T,C,A,G,T,C,A,A,T,T,A,G,A,G,G,G,C,C,G,G,C,C,T,T,T,C,C,C,A,G,G,G,G,G,T,C,T,C,C,C,T,C,C,C,T,C,T,C,A,G,A,C,T,C,A,A,T,T,A,G,A,G,A,A,C,C,A,A,A,C,A,G,C,C,A,G,G,G,G,G
B44,120,22.84,A,G,C,C,C,C,C,C,C,C,T,T,A,A,T,T,C,C,C,C,T,T,C,C,A,A,T,T,C,C,T,T,C,C,A,A,C,C,C,C,T,T,T,T,A,A,C,C,A,A,C,C,G,G,A,A,G,G,C,C,A,G,A,G,T,C,T,T,G,G,T,T,A,A,T,G,T,C,A,G,G,G,A,G,A,G,C,C,G,G,A,C,G,G,G,G,A,G,T,C,A,A,G,G,T,T,G,G,G,G,G,G,A,G,T,C,A,A,G,G,T,C,T,C,A,G,A,G,T,G,T,T,T,T,T,T,T,T,T,C,T,C,T,C,T,T,A,G,A,A,C,C,T,T,G,G,G,G,A,A,T,T,A,A,T,T,C,C,T,T,C,C,C,C,G,G,A,G,G,G,A,G,T,C,C,C,T,C,T,C,A,G,T,C,T,C,A,C,G,G,T,T,C,C,G,G,T,T,G,C,T,C,T,T,A,C,A,G,T,C,A,A,A,G,C,C,A,G,T,T,G,G,A,A,A,A,G,G,A,A,A,A,G,G,A,A,G,G,G,G,T,T,C,C,C,C,C,C,C,C,A,A,T,T,A,A,G,G,T,T,C,C,C,C,G,G,A,A,G,G,T,T,A,A,T,T,T,T,C,C,A,A,T,T,T,T,T,T,T,T,A,A,C,C,C,C,G,G,C,C,A,A,T,T,C,C,T,T,A,A,A,G,A,G,T,T,T,T,A,G,T,T,A,G,T,C,T,T,T,T,A,A,A,G,T,C,A,G,T,T,T,T,T,T,A,G,T,T,T,T,T,C,A,A,C,C,T,T,T,T,G,G,C,C,T,T,A,G,T,T,T,T,T,C,C,C,T,C,A,G,C,C,A,G,A,G,T,C,A,G,G,G,T,C,C,C,A,G,C,C,T,T,T,T,A,A,T,T,C,C,G,G,G,G,T,C,C,C,A,G,C,C,T,T,A,G,A,A,T,T,A,G,T,C,T,G,T,C,T,T,C,C,T,C,C,G,T,C,T,C,G,G,A,G,A,A,A,G,A,A,T,T,T,C,G,G,C,C,C,C,C,C,A,A,T,C,G,G,C,C,A,A,T,T,T,T,A,A,T,T,T,T,G,G,T,C,T,C,T,G,T,C,T,C,T,C,T,T,T,T,T,T,T,T,G,G,A,C,G,G,C,C,T,C,T,T,A,G,G,G,C,C,C,C,G,G,C,C,C,C,T,T,A,A,G,G,A,A,T,T,T,C,T,T,T,G,T,T,C,C,G,G,A,A,T,C,G,G,A,C,A,G,T,C,T,G,C,C,T,T,T,T,T,T,C,C,G,G,C,C,C,C,G,G,A,A,A,A,A,G,C,C,C,C,T,T,T,G,C,C,A,A,C,C,T,T,T,T,A,G,T,C,T,C,G,G,T,G,G,G,T,C,G,G,A,A,T,C,A,A,G,G,A,G,T,C,T,C,C,G,G,G,A,A,A,A,T,C,G,G,A,G,A,G,T,C,T,C,A,A,T,C,T,T,C,C,C,C,T,T,C,C,G,G,T,C,T,C,A,G,T,C,T,C,A,G,T,C,T,T,A,G,A,G,G,G,G,G,T,T,A,G,C,C,G,G,T,T,A,A,A,A,T,G,T,C,G,G,C,C,T,T,C,C,A,C,A,G,G,G,G,G,T,C,T,C,C,C,T,C,T,C,T,C,T,C,A,A,A,C,T,T,A,G,T,G,A,G,A,A,A,A,C,C,A,G,A,C,A,G,C,C,A,G,G,G,A,G
B45,149,14.9,G,G,C,C,C,C,C,C,C,C,T,C,A,A,T,C,C,C,T,C,T,T,C,C,A,G,T,G,T,C,T,C,A,C,A,A,T,C,C,C,T,C,T,C,A,A,T,C,A,C,T,C,G,G,A,C,T,G,T,C,G,G,G,G,T,C,T,T,G,G,T,T,A,C,T,T,C,C,A,G,T,G,G,G,A,A,C,C,G,G,A,A,G,G,G,G,G,G,C,C,A,G,A,G,T,C,A,G,G,G,A,G,A,A,T,C,A,C,G,G,T,C,T,C,G,G,A,A,T,G,T,T,T,T,T,C,T,T,T,C,T,C,T,C,T,C,A,G,A,A,A,C,T,T,G,G,A,G,A,G,T,T,A,G,T,C,T,C,T,C,T,C,T,C,A,A,A,G,A,G,A,A,T,C,T,T,C,C,T,T,G,G,T,T,T,C,A,A,A,G,T,C,C,C,A,G,T,G,G,G,T,C,T,T,A,A,A,A,T,C,A,G,A,G,T,C,A,G,T,T,G,G,A,G,A,G,T,G,A,C,A,G,G,G,A,G,G,G,A,G,T,C,C,C,T,C,C,C,T,C,A,G,T,T,A,A,A,G,T,C,C,C,T,C,A,G,A,C,T,G,T,T,A,A,T,T,T,G,A,C,A,G,T,C,T,T,T,T,T,G,A,G,C,C,A,C,G,G,A,C,A,A,T,T,T,C,T,T,A,A,G,G,A,G,T,T,T,T,A,A,T,T,A,G,T,C,T,T,T,T,A,A,A,G,T,C,A,G,T,T,T,T,T,T,A,G,T,T,T,T,T,C,A,A,C,C,T,T,T,T,A,G,T,C,T,C,A,A,T,C,T,C,T,C,A,C,T,T,A,G,C,C,A,A,A,A,T,C,A,G,G,G,T,C,T,C,A,A,C,C,T,T,T,T,A,A,T,T,C,C,G,G,A,G,T,C,C,C,A,A,C,C,T,T,G,G,A,A,T,T,A,A,C,C,T,T,T,C,T,T,C,C,T,C,C,G,C,C,T,C,G,G,A,G,A,A,A,G,A,G,T,G,T,C,G,G,C,C,C,C,C,C,A,G,T,C,G,G,T,C,A,A,T,G,T,T,A,G,T,C,T,T,A,G,T,C,T,C,T,G,T,C,C,C,T,C,T,C,T,T,T,T,T,T,G,G,C,C,A,G,C,C,T,C,T,G,G,G,A,G,C,C,A,C,T,G,T,C,C,C,T,A,A,G,A,G,A,C,T,T,T,C,T,T,T,G,T,T,T,C,T,G,A,A,T,C,G,G,A,A,A,G,T,C,G,G,C,C,T,T,T,T,T,C,T,C,A,G,T,C,C,C,A,G,A,A,A,G,A,A,T,C,C,C,T,C,T,G,T,C,A,T,C,C,T,T,T,G,G,G,T,C,T,C,A,G,T,T,G,G,T,C,A,G,A,G,T,C,A,G,A,G,G,G,T,T,T,C,C,G,G,G,A,G,A,G,T,T,A,G,A,A,A,G,T,T,C,C,A,G,C,C,T,C,T,C,T,C,T,T,T,C,A,G,T,C,C,C,A,G,C,C,T,C,A,A,T,C,T,T,A,A,A,G,A,G,A,G,T,T,A,G,T,C,G,G,T,T,A,G,A,A,T,T,T,C,A,A,T,T,T,C,T,T,A,C,A,G,A,G,A,G,T,T,T,T,C,C,T,T,T,T,T,C,T,C,A,A,A,C,T,C,A,G,T,G,A,G,A,G,G,G,C,C,G,G,A,A,G,G,C,C,G,G,T,G,A,G
B47,228,16.8,A,G,T,C,C,C,T,T,C,C,C,C,A,C,T,C,T,T,C,C,C,C,C,C,A,G,T,G,T,T,T,T,A,C,A,A,T,C,C,C,T,C,T,C,A,G,T,T,A,C,T,C,A,G,C,C,T,T,T,T,A,G,G,G,T,T,T,G,A,G,T,T,A,C,T,G,T,C,A,G,T,G,A,G,A,G,A,C,A,G,A,C,G,G,A,G,A,G,T,C,A,A,A,G,T,T,G,G,G,G,G,G,G,G,C,C,A,A,A,G,T,T,T,T,A,G,G,G,G,G,T,T,T,T,T,T,T,T,C,C,T,C,T,T,T,C,A,G,A,A,C,C,T,G,T,G,A,G,A,A,T,T,A,G,T,C,T,C,T,C,T,T,T,C,A,A,A,A,A,G,A,G,C,C,T,C,T,C,T,C,A,G,T,T,T,C,A,C,G,G,C,C,C,C,A,G,T,T,G,G,T,C,C,C,C,C,A,G,T,C,A,G,A,G,T,T,G,G,T,C,A,G,A,G,G,G,G,G,C,C,G,G,T,T,A,G,G,G,G,G,C,C,T,C,T,C,T,T,T,C,G,G,C,C,A,A,A,A,C,C,A,C,T,C,G,G,A,C,T,T,C,C,A,G,T,C,G,G,C,C,A,G,T,T,T,C,T,G,T,G,A,G,T,C,A,A,A,A,C,C,G,G,T,T,C,C,T,T,G,G,G,G,A,A,T,T,T,T,A,A,G,G,A,A,T,C,T,C,T,C,A,G,G,G,T,C,A,A,T,T,T,G,T,G,A,G,T,T,T,C,T,C,A,A,C,C,T,C,C,C,A,G,C,C,T,T,A,A,T,C,T,T,C,C,A,A,T,C,A,G,C,C,G,G,A,G,C,C,A,G,A,A,C,C,T,C,A,G,C,C,T,T,T,T,A,G,C,C,T,C,A,G,A,G,T,C,T,T,A,A,T,C,T,C,G,G,G,G,T,C,A,G,C,C,G,G,T,C,C,C,A,A,C,C,C,G,C,C,T,T,T,G,A,G,G,G,G,G,A,G,T,T,T,C,A,A,T,T,C,C,C,C,A,G,C,C,G,G,C,C,A,A,T,G,C,C,A,G,T,T,T,T,A,G,T,C,T,C,T,G,T,C,C,C,T,C,T,C,T,G,T,T,T,C,A,G,A,C,A,G,C,C,T,T,G,G,A,G,A,A,C,C,A,C,T,T,T,C,C,C,T,T,A,G,A,G,C,C,T,C,T,C,T,T,T,T,T,T,C,C,G,G,A,A,T,C,G,G,A,C,A,A,C,C,T,G,C,C,T,T,T,C,T,T,C,C,A,G,T,C,C,C,A,G,A,G,A,A,A,A,C,C,C,C,C,C,T,G,T,T,T,T,T,T,T,T,G,G,G,G,T,C,T,C,A,G,G,G,A,A,T,C,G,G,G,G,C,C,A,G,A,A,A,G,T,C,C,C,C,G,G,G,A,A,A,G,T,C,A,G,A,G,G,G,T,T,C,C,A,A,C,C,T,T,T,C,C,C,C,C,T,C,A,A,T,T,C,C,A,G,T,C,C,C,G,G,T,C,G,G,G,G,A,G,A,A,A,A,T,C,A,G,T,T,A,A,T,C,A,G,A,G,T,G,T,C,G,G,T,C,T,T,C,C,C,C,G,G,A,A,A,G,T,T,T,C,C,C,T,T,T,T,T,T,C,C,A,A,A,C,T,C,A,G,T,G,A,G,A,G,A,G,C,C,A,G,A,A,G,G,C,C,A,G,G,G,A,G
B5,123,16.58,A,G,C,C,C,C,C,C,C,C,T,T,A,A,T,C,C,C,C,C,T,C,C,C,A,G,T,G,C,C,T,T,A,C,A,G,C,C,C,C,T,T,T,T,A,A,T,C,A,A,C,C,A,G,A,C,T,G,T,C,A,A,A,A,T,T,T,T,G,G,T,C,A,A,G,G,T,C,A,G,G,G,A,A,G,G,A,C,G,G,A,C,G,G,A,G,A,A,T,T,A,G,G,G,T,T,G,G,G,G,G,G,A,G,T,C,A,A,G,G,T,C,T,C,A,G,A,A,T,G,T,T,T,T,T,C,T,C,T,T,T,T,T,C,T,T,G,G,A,G,C,C,T,G,T,G,A,G,A,G,T,C,A,A,T,T,T,C,T,C,C,C,C,C,G,G,A,G,A,G,A,G,T,C,T,C,C,C,T,T,G,G,T,T,T,T,A,C,A,G,T,T,C,C,A,G,T,T,G,C,T,C,T,C,A,A,A,A,T,C,A,G,A,A,C,C,A,G,T,T,G,G,A,G,A,G,G,G,A,C,A,G,T,G,A,G,A,G,A,G,T,T,T,C,T,C,C,C,C,C,A,G,T,C,A,C,G,G,T,T,C,C,C,C,A,G,A,C,T,G,T,T,A,A,T,T,T,T,A,C,A,A,T,T,T,C,T,G,T,T,A,G,C,C,A,C,G,G,C,C,A,A,T,T,C,C,T,C,A,A,A,G,A,G,T,T,T,T,A,A,T,G,G,G,T,C,T,T,T,T,A,A,A,G,T,C,A,G,T,T,T,T,T,T,A,G,T,T,T,T,T,C,A,A,C,C,T,T,T,T,G,G,C,C,T,T,A,G,T,T,T,T,T,C,C,C,T,C,A,G,C,C,A,G,A,G,T,C,A,G,G,G,T,C,C,C,A,G,C,C,T,T,T,T,A,A,T,T,C,C,G,G,G,G,T,C,C,C,A,G,C,C,T,C,A,G,A,A,T,C,A,A,T,C,T,G,T,C,T,T,A,C,C,C,C,G,C,C,T,C,G,G,G,G,A,A,G,G,A,A,T,T,T,T,G,G,C,C,C,C,C,C,A,A,C,C,G,G,C,C,A,A,T,T,T,T,A,G,T,C,T,T,G,G,C,C,C,C,T,T,C,C,C,C,C,C,T,T,T,T,T,T,T,C,A,G,A,C,A,G,C,C,T,C,T,G,G,G,G,G,C,C,C,C,T,G,C,C,C,C,T,A,A,G,A,G,A,C,T,T,T,C,T,T,G,G,T,G,T,C,T,G,A,A,C,C,G,G,A,C,A,A,C,C,G,G,C,C,T,T,T,T,T,C,T,C,G,G,C,C,T,C,A,G,A,A,A,A,A,G,C,C,C,C,T,T,G,G,C,C,A,T,T,C,T,C,T,T,A,G,C,C,T,T,G,G,T,T,A,G,T,C,G,G,A,G,C,C,A,A,A,G,A,G,T,C,C,C,C,C,G,G,A,A,A,G,T,C,G,G,A,A,G,G,T,T,C,C,A,A,T,C,T,T,T,C,T,C,T,C,C,C,A,G,T,C,C,C,G,G,T,C,T,T,A,G,C,C,T,T,A,A,A,G,A,G,A,G,T,C,A,G,T,T,A,G,T,C,G,G,A,A,T,T,C,C,A,G,T,C,T,C,T,C,A,C,A,G,A,G,G,G,T,C,T,T,C,C,T,T,T,T,T,C,T,C,A,G,A,C,C,C,A,A,T,G,A,G,A,G,A,G,C,C,A,G,A,C,A,G,C,C,G,G,T,T,A,G
B60,102,14.33,A,G,C,C,C,C,C,C,T,C,T,T,A,A,T,C,C,C,T,C,T,T,T,C,A,A,T,T,C,C,T,C,C,C,A,A,T,C,T,T,T,C,T,C,A,A,C,C,A,A,T,C,A,G,C,C,T,T,T,T,G,G,G,G,T,T,T,T,G,G,T,T,A,C,T,T,T,C,A,G,T,T,A,G,A,G,A,C,G,G,A,A,A,G,A,G,A,G,C,C,A,G,A,A,C,C,A,A,G,G,G,G,A,A,T,T,C,C,G,G,T,C,T,C,A,G,A,G,T,T,T,T,T,T,T,T,T,T,T,T,T,T,T,C,T,C,A,G,A,A,A,C,T,G,T,G,A,G,A,A,T,C,A,G,C,C,C,C,T,C,T,T,C,C,A,G,A,A,A,G,A,G,T,C,T,T,T,C,T,C,A,G,T,T,T,T,A,A,A,A,T,T,C,C,G,G,T,G,G,C,C,C,T,C,A,C,A,G,T,T,A,G,A,G,T,C,A,G,T,T,G,G,G,G,G,G,T,G,A,C,A,G,T,T,G,G,A,G,A,G,T,C,T,C,T,T,0,0,T,C,G,G,T,C,C,C,G,G,T,T,A,C,T,C,A,A,C,C,T,T,T,C,A,G,T,T,T,T,A,A,A,A,T,T,C,C,T,G,T,G,G,G,T,C,A,A,A,G,C,C,A,G,T,G,C,C,T,C,A,G,A,G,G,G,T,G,T,T,A,G,T,G,A,G,C,C,T,T,T,T,A,A,A,G,T,C,A,G,T,T,T,T,T,T,A,G,T,T,T,T,T,T,A,A,C,C,T,C,T,C,A,G,C,C,T,T,A,A,T,C,T,T,T,C,A,C,T,C,A,G,T,C,A,G,A,G,C,C,G,G,A,G,C,C,T,T,A,G,C,C,T,T,T,T,A,G,T,C,T,C,A,G,G,G,C,C,T,T,A,A,C,C,T,C,A,G,G,G,T,C,G,G,T,T,T,G,T,C,T,T,A,C,T,C,C,G,T,C,T,T,G,G,G,G,A,A,G,G,A,A,T,T,T,T,G,G,C,C,C,C,C,C,A,A,C,C,G,G,C,C,A,A,T,T,T,T,G,G,C,C,T,T,G,G,C,C,C,C,T,T,C,C,C,C,C,C,T,T,T,T,T,T,T,T,A,A,A,A,A,A,T,T,C,C,G,G,G,G,A,G,T,C,A,C,T,T,C,C,C,C,T,A,A,G,A,A,C,C,T,C,T,T,T,G,G,G,G,G,T,T,T,T,A,C,T,C,G,G,A,C,A,A,C,C,G,G,C,C,T,G,T,T,C,C,T,C,G,G,T,C,T,C,A,G,A,G,A,G,G,G,T,C,T,C,T,T,G,G,C,C,A,T,T,C,T,C,T,G,A,G,T,C,T,C,A,G,T,T,A,G,T,C,A,G,G,G,T,C,A,G,A,A,A,A,C,C,T,C,C,G,G,G,A,A,A,G,C,C,A,G,A,G,A,G,T,C,T,C,A,A,T,C,T,T,C,C,C,C,T,C,T,T,A,A,C,C,T,T,A,A,T,T,C,C,G,G,C,C,T,T,G,G,G,G,G,G,G,G,T,T,G,G,C,C,G,G,T,T,A,A,A,A,T,G,T,T,A,G,C,C,T,T,T,C,A,A,A,A,G,G,A,G,T,C,C,C,C,C,C,C,T,C,T,C,T,C,A,A,A,C,T,C,G,G,T,G,G,G,A,A,A,G,T,C,G,G,A,A,G,G,C,C,A,G,T,G,A,A
B61,158,18.96,A,G,T,C,C,C,C,C,C,C,T,T,A,A,T,C,T,C,T,C,T,C,C,C,A,A,T,T,T,C,T,C,A,A,A,A,T,T,C,C,T,C,T,C,A,G,T,C,A,C,T,C,A,G,C,C,T,G,T,C,A,A,A,G,T,T,T,T,A,A,T,C,A,A,T,G,T,T,G,G,T,G,A,G,A,A,A,A,A,A,A,C,G,G,A,G,A,G,T,C,A,G,G,G,T,C,A,G,G,G,A,G,A,G,T,T,C,C,A,G,T,C,T,C,A,G,A,G,T,G,T,G,T,T,T,T,T,T,T,T,T,T,T,T,C,C,A,A,G,G,A,A,T,G,T,G,A,A,A,A,T,C,G,G,C,C,T,C,T,C,T,C,T,T,A,A,A,G,G,G,A,G,T,C,T,C,C,C,T,C,G,G,T,C,T,T,A,A,A,G,T,C,T,C,A,G,G,G,G,C,T,C,T,T,A,A,G,G,T,C,A,G,G,G,T,T,G,G,T,T,G,G,G,G,G,G,T,G,A,C,A,G,T,T,A,G,G,G,G,G,T,C,C,C,T,C,T,C,T,C,A,G,T,T,A,C,G,G,T,T,A,C,T,C,A,A,C,C,T,G,T,C,A,G,T,T,T,T,A,A,A,A,T,T,C,C,T,G,T,G,G,G,T,C,A,A,A,G,C,C,A,G,T,G,C,C,T,C,G,G,A,G,G,G,G,G,T,T,A,G,G,G,A,G,T,C,T,T,T,C,A,G,A,G,T,T,A,G,T,C,T,G,T,G,A,A,T,G,T,C,T,C,A,A,C,C,T,C,T,C,A,G,C,C,T,T,A,A,T,C,T,T,T,C,A,C,T,C,A,G,C,C,G,G,A,G,T,C,G,G,A,A,C,C,T,T,G,G,C,C,T,T,T,T,G,G,C,C,T,T,A,G,G,G,C,C,T,C,A,G,C,C,T,C,A,G,A,G,T,C,G,G,T,C,G,G,C,C,T,C,A,A,C,C,C,G,T,C,T,T,T,G,A,G,G,G,G,G,A,G,G,G,T,T,G,G,T,C,C,C,T,C,A,A,C,C,G,G,C,C,A,A,T,T,T,T,A,G,T,C,T,T,G,G,C,C,C,C,T,T,C,C,C,C,C,C,T,T,T,T,T,T,T,T,A,G,A,C,A,G,T,C,C,C,T,G,G,G,A,G,T,C,A,C,T,G,C,C,C,C,T,T,A,A,A,G,A,C,T,C,T,C,T,G,G,G,T,G,T,C,T,G,A,C,T,C,G,G,A,A,A,A,C,C,G,G,C,C,T,G,T,T,T,C,C,C,A,G,T,C,T,C,A,G,A,G,A,A,A,G,C,C,C,C,T,T,G,G,C,C,A,T,T,C,T,C,G,G,A,G,T,T,C,C,A,G,T,T,A,G,T,T,A,A,A,G,T,T,G,G,A,G,A,G,T,T,C,C,C,G,A,G,A,A,A,G,T,T,G,G,A,G,G,G,T,T,C,C,A,G,C,C,T,T,T,T,C,C,C,C,T,T,A,G,T,T,T,C,A,G,C,C,C,C,G,G,T,C,T,G,A,G,A,G,A,A,A,G,T,T,A,A,T,C,A,G,T,T,A,A,A,A,T,T,T,T,A,G,T,T,T,T,C,C,A,C,A,G,A,A,A,G,T,T,T,C,C,C,T,C,T,C,T,C,T,C,A,A,A,A,T,C,A,G,T,G,G,G,A,G,A,A,C,C,A,G,A,A,G,G,C,C,A,A,G,G,A,G
B62,133,18.17,A,A,C,C,C,C,C,C,T,C,T,C,A,A,T,C,T,C,T,C,T,T,T,C,A,G,T,G,T,C,T,T,A,C,A,A,C,C,C,C,T,C,T,C,A,A,T,C,A,C,T,C,G,G,A,C,T,G,T,C,A,A,A,G,T,C,T,T,A,G,T,T,A,C,G,G,T,T,A,G,G,G,A,G,A,G,A,C,G,G,C,C,G,G,A,G,A,A,T,T,G,G,G,G,T,T,G,G,G,G,A,G,A,G,T,C,A,C,A,A,T,T,T,T,A,G,A,G,G,G,T,G,G,G,C,C,T,C,T,T,T,T,T,C,T,C,A,G,A,G,A,C,T,T,G,G,A,G,A,G,T,T,A,A,T,T,C,C,T,T,C,C,C,C,G,G,A,G,A,G,A,G,C,C,C,C,T,C,T,T,G,G,T,C,T,C,C,C,G,G,T,T,C,C,G,G,T,G,G,C,T,C,T,T,C,C,A,A,T,C,A,G,G,G,C,C,A,A,T,T,A,G,A,G,G,G,T,G,C,C,G,G,T,T,A,G,A,G,G,G,T,C,T,C,T,C,0,0,T,T,A,A,T,C,A,C,A,A,C,C,C,C,T,T,A,G,A,C,G,G,T,T,A,A,T,C,T,G,C,C,G,G,T,T,T,C,G,G,T,G,G,G,T,C,A,A,A,G,C,C,A,G,T,T,C,C,T,T,A,G,G,G,G,G,T,G,T,T,A,A,T,G,G,G,T,C,T,T,T,C,A,G,A,A,T,C,G,G,T,C,T,G,T,G,A,G,T,G,T,C,T,C,A,A,C,C,T,T,T,T,A,G,C,C,T,T,A,G,T,C,T,T,T,C,C,C,T,C,G,G,C,C,G,G,G,G,T,T,A,A,G,G,C,C,C,C,A,G,C,C,T,T,T,T,A,A,T,C,C,C,G,G,A,G,T,C,C,C,A,G,T,C,T,T,A,A,A,G,T,T,G,G,T,T,G,G,C,C,T,C,A,C,T,T,C,G,T,C,T,C,G,G,A,A,A,A,A,A,A,G,T,G,C,C,G,G,T,C,T,C,T,C,A,G,T,T,A,G,C,C,A,G,T,G,T,C,A,G,T,C,T,C,A,G,T,T,T,T,G,G,T,T,T,C,T,C,T,T,T,G,T,T,T,C,A,G,A,A,G,G,C,C,T,T,T,G,A,G,A,G,T,C,A,A,T,T,C,C,C,C,T,T,A,A,A,G,C,C,C,C,T,T,G,G,T,G,T,G,T,T,T,G,A,C,T,C,A,G,A,A,A,A,C,C,G,G,C,C,T,G,T,T,C,C,C,C,A,G,T,T,C,C,A,G,G,G,A,G,A,G,T,C,T,C,T,T,T,G,T,T,T,T,C,C,T,C,T,G,G,G,C,C,T,T,G,G,T,G,A,A,T,C,A,A,A,A,T,T,A,G,G,G,A,G,T,C,T,C,C,G,A,G,A,G,A,A,T,T,G,G,A,G,A,G,T,C,C,C,A,G,C,C,T,C,C,C,T,C,C,C,C,C,A,A,C,C,T,T,A,G,C,C,T,C,A,G,T,C,T,G,A,G,A,G,A,G,A,A,T,C,G,G,T,T,A,G,T,C,G,G,A,G,T,G,C,C,A,G,T,T,T,C,T,C,C,C,A,G,A,A,A,G,T,T,T,C,C,C,T,T,T,T,T,C,T,C,A,A,A,A,C,C,A,A,T,T,G,G,G,G,A,G,C,C,A,G,A,A,G,G,C,C,A,G,T,G,G,G
B63,209,14.9,A,A,T,C,C,C,C,C,T,C,T,T,A,A,C,C,T,C,T,T,T,C,T,C,A,A,T,T,T,C,C,C,A,C,A,A,T,C,T,C,T,T,C,C,A,G,T,C,A,A,T,T,G,G,C,C,T,T,T,T,A,G,A,G,T,T,T,T,A,G,T,C,A,A,T,T,T,T,G,G,T,G,A,G,A,G,A,A,A,G,A,A,A,G,A,G,A,A,T,C,A,A,A,G,T,C,A,G,G,G,G,G,A,A,T,T,A,C,G,G,C,C,C,C,A,G,A,A,T,T,T,T,T,T,T,T,T,T,T,T,T,T,T,C,T,C,A,G,A,A,A,C,T,T,G,G,G,G,A,A,T,T,A,G,T,C,C,C,T,T,T,C,T,C,A,G,A,G,A,A,A,A,C,C,T,C,T,C,T,T,G,G,T,T,T,T,A,A,A,G,T,T,C,C,G,G,T,G,C,C,C,C,T,T,A,C,G,G,T,T,A,G,G,G,T,C,A,G,T,T,G,G,A,G,A,G,T,G,A,A,A,A,T,G,A,G,G,G,G,G,T,C,C,C,T,C,0,0,T,C,A,G,T,T,A,C,G,G,T,T,A,C,T,C,A,G,A,C,T,G,T,C,A,G,T,T,T,T,A,C,A,A,T,T,T,C,T,T,T,G,A,G,T,C,A,C,A,G,C,C,A,G,T,G,C,C,T,C,A,G,A,A,A,G,T,G,T,T,G,G,T,G,A,A,T,C,T,C,T,C,A,G,A,G,T,C,A,G,T,C,T,G,T,G,A,A,T,T,T,T,T,T,A,A,C,C,T,C,C,C,A,A,T,C,T,C,A,A,C,C,T,C,C,C,A,C,C,C,A,G,T,C,G,G,A,G,T,C,G,G,A,G,C,C,T,T,G,G,T,C,T,T,T,T,G,G,C,C,T,T,A,A,A,G,C,C,T,C,A,A,C,C,C,C,G,G,A,G,T,C,A,G,T,C,G,G,T,T,T,C,C,C,T,T,C,C,C,C,T,T,T,G,G,G,A,G,G,G,A,A,T,T,T,C,A,G,T,C,C,C,C,C,A,A,T,C,A,G,C,C,A,A,T,T,T,T,A,G,T,C,T,T,G,G,C,C,C,C,T,T,C,C,C,C,C,C,T,T,T,T,T,T,T,T,A,G,A,C,A,G,T,C,C,C,T,G,G,G,A,G,T,C,A,C,T,G,C,C,C,C,T,T,A,A,A,G,A,C,T,C,T,C,T,G,G,G,T,G,T,C,T,G,A,C,T,C,G,G,A,A,A,A,C,C,G,G,C,C,T,G,T,T,T,C,C,C,G,G,T,C,C,C,G,G,A,G,A,G,A,G,T,C,T,C,T,T,G,G,C,C,A,A,C,C,T,T,T,G,G,G,T,C,T,C,A,G,T,T,G,G,T,T,A,G,A,G,T,C,A,G,A,G,A,G,T,C,T,C,C,G,G,G,A,A,A,A,T,C,A,G,A,G,A,G,T,C,T,C,A,A,T,C,T,T,C,C,C,C,T,T,T,C,A,G,C,C,T,C,A,A,T,T,T,C,G,G,C,C,T,G,G,G,G,G,G,G,G,G,T,T,G,G,T,C,A,G,T,C,A,G,A,A,T,G,T,C,A,G,C,C,T,C,C,C,A,A,A,A,G,G,A,G,T,C,T,C,A,C,C,C,T,C,T,C,T,T,A,G,A,C,T,C,G,G,G,G,A,G,A,A,A,G,C,C,A,G,A,A,G,G,C,C,A,G,G,G,A,G
B64,189,14.86,G,G,C,C,C,C,C,C,T,C,T,C,A,A,T,T,C,C,T,C,T,T,C,C,A,A,T,G,C,C,T,C,C,C,A,A,C,C,T,C,T,T,T,T,A,A,T,C,A,A,T,C,G,G,A,C,G,G,C,C,A,G,A,A,T,T,T,G,G,G,T,T,A,A,T,G,T,T,A,G,G,G,A,A,G,G,C,C,A,G,A,C,G,G,G,G,A,G,T,C,A,A,G,G,T,T,G,G,G,G,G,G,A,G,T,C,A,A,G,G,T,C,T,C,A,G,A,A,T,T,T,T,T,T,T,T,T,T,T,T,T,T,T,C,T,C,A,G,A,A,C,C,T,T,G,G,A,G,A,G,T,C,A,A,T,C,C,C,T,T,T,C,T,C,G,G,A,A,G,G,A,G,T,C,C,C,T,C,T,C,G,G,T,T,T,T,A,C,A,G,T,T,C,C,G,G,T,T,G,G,T,C,T,C,A,C,A,A,T,C,A,A,A,G,C,C,G,G,T,C,A,G,A,G,A,G,G,G,A,C,A,G,G,G,A,G,A,G,A,G,T,T,T,C,C,C,C,C,C,C,A,G,T,T,A,C,G,G,T,T,A,C,T,C,A,G,A,A,T,G,T,C,A,A,T,T,T,T,C,C,A,G,T,C,T,T,T,T,T,T,A,G,C,C,A,C,G,G,A,C,A,G,T,T,T,C,T,C,A,G,A,G,A,A,T,T,T,T,A,G,T,G,A,A,T,T,T,C,T,C,A,G,A,G,T,C,A,G,T,C,T,G,T,G,A,G,T,T,T,C,T,C,A,A,C,C,C,C,C,C,A,A,T,T,C,C,A,A,T,C,T,T,T,C,C,C,T,C,A,G,C,C,G,G,A,G,T,T,A,G,A,G,C,C,T,C,A,G,C,C,T,C,T,G,A,G,C,C,T,C,G,G,A,G,T,C,T,C,A,A,C,C,T,C,A,G,A,G,T,C,A,A,T,C,G,G,C,C,T,C,A,C,T,C,C,C,T,C,T,T,T,G,G,G,A,A,G,G,A,A,T,G,T,T,G,G,T,C,T,C,T,C,A,G,T,C,G,G,T,C,A,G,T,G,T,T,A,G,T,C,T,C,A,G,T,T,T,T,G,G,T,T,T,C,T,C,T,T,T,G,T,T,T,C,A,G,A,C,G,G,C,C,T,C,T,T,A,G,G,G,C,C,A,C,T,G,C,C,C,C,T,T,A,A,G,G,A,C,T,C,T,C,T,G,T,G,T,G,T,T,T,G,A,A,T,C,A,G,A,C,A,G,C,C,T,G,C,C,T,T,T,T,T,C,T,C,G,G,T,C,C,C,A,G,A,G,A,A,A,G,C,C,C,C,T,C,G,G,T,C,T,T,T,T,T,C,G,G,A,G,T,C,T,C,G,G,T,G,A,G,T,C,A,G,G,G,T,C,A,G,A,G,A,A,T,C,C,C,C,G,G,G,A,G,A,G,T,C,A,G,A,A,A,G,T,C,C,C,A,G,C,C,T,T,T,C,T,C,C,C,T,C,G,G,C,C,T,C,A,G,T,T,T,T,A,G,C,C,G,G,A,G,A,G,G,G,A,G,T,T,A,G,T,T,A,A,T,C,A,G,A,A,T,T,T,C,A,G,T,C,T,C,C,C,A,A,A,A,G,G,A,A,C,C,T,C,A,A,C,C,C,C,T,C,T,T,G,G,C,C,T,C,A,G,T,G,A,G,A,A,G,G,T,C,A,G,A,A,G,G,C,C,G,G,T,G,G,G
B65,143,21.8,A,G,C,C,C,C,T,C,C,C,T,C,A,C,T,C,T,C,T,C,T,T,T,C,A,G,T,G,T,C,T,T,A,C,A,A,C,C,C,C,T,C,T,C,A,A,T,C,A,C,T,C,G,G,A,C,T,G,T,C,A,A,A,G,T,C,T,T,A,G,T,T,A,C,G,G,T,T,A,G,G,G,A,G,A,G,A,C,G,G,C,C,G,G,A,G,A,A,T,T,A,A,A,G,T,T,G,G,G,G,A,G,A,A,T,T,A,A,A,G,T,C,T,C,A,A,A,G,T,G,T,G,T,T,T,C,T,T,T,T,T,C,C,C,T,T,A,G,A,A,C,C,T,T,G,G,G,G,A,A,T,T,A,A,T,T,C,C,T,T,C,C,C,C,G,G,A,A,G,G,G,G,T,T,C,C,C,C,T,T,G,G,T,T,T,T,C,C,G,G,T,T,C,C,G,G,T,T,G,G,T,T,T,T,A,A,A,A,C,C,A,A,A,A,C,C,G,G,T,T,G,G,A,A,A,A,G,G,A,A,A,A,G,G,A,A,G,G,G,G,T,T,C,C,C,C,0,0,C,C,A,A,T,T,A,A,G,G,T,T,C,C,C,C,G,G,A,A,G,G,T,T,A,A,T,T,T,T,C,C,A,A,T,T,T,T,T,T,T,T,A,A,C,C,C,C,G,G,C,C,A,A,T,T,C,C,T,T,A,G,G,G,A,G,T,G,T,T,A,A,T,T,G,G,T,C,T,T,T,T,A,A,A,A,T,C,G,G,T,C,T,G,T,T,G,G,T,G,T,C,T,C,A,A,C,C,T,T,T,T,G,G,C,C,T,T,A,A,T,T,T,T,T,T,C,C,T,T,A,A,C,C,A,G,A,A,T,C,G,G,A,G,T,C,T,C,A,G,C,C,T,T,T,T,A,G,T,C,T,C,G,G,G,G,T,C,C,C,A,G,C,C,T,T,A,G,A,A,T,T,A,G,T,C,T,G,T,C,T,T,A,C,C,C,C,G,T,C,T,C,T,G,G,G,A,G,G,G,A,A,T,G,T,T,G,G,T,C,C,C,T,C,A,A,C,C,G,G,C,C,A,A,T,T,T,T,A,A,T,T,T,T,G,G,C,C,C,C,T,T,C,C,C,C,C,C,T,T,T,T,T,T,T,T,G,G,C,C,G,G,C,C,C,C,T,T,G,G,G,G,C,C,C,C,G,G,C,C,C,C,T,T,A,A,G,G,A,A,T,T,C,C,T,T,G,G,T,T,C,C,G,G,A,A,C,C,G,G,A,A,A,A,C,C,G,G,C,C,T,T,T,T,T,T,C,C,G,G,C,C,C,C,G,G,A,A,A,A,A,A,C,C,C,C,T,T,G,G,C,C,A,A,C,C,T,T,T,G,G,G,T,C,T,C,A,G,T,T,G,G,T,T,A,G,A,G,T,C,A,G,G,G,A,G,T,C,T,C,C,G,G,G,A,G,A,G,T,T,G,G,A,G,G,G,T,C,C,C,A,G,C,C,T,T,C,C,C,C,T,C,C,C,A,G,T,T,C,C,G,G,C,C,T,T,A,G,C,C,T,T,A,G,A,G,A,G,A,G,T,T,A,G,T,C,G,G,T,T,A,G,A,A,T,T,T,C,A,A,T,T,T,C,T,T,A,C,A,G,A,G,A,G,T,T,T,T,A,C,T,T,T,C,T,C,T,C,A,A,A,A,C,C,A,A,T,T,G,G,G,G,G,G,C,C,G,G,A,A,G,G,C,C,G,G,T,T,G,G
B67,134,15.44,G,G,T,C,C,C,C,C,T,C,T,C,A,A,T,T,T,C,T,T,T,C,C,C,G,G,T,G,T,C,T,T,A,A,A,G,T,C,C,C,T,C,T,T,A,A,T,C,A,C,C,C,A,A,C,C,T,G,T,C,A,A,A,G,T,T,T,T,A,A,T,T,A,C,T,G,T,T,G,G,T,T,A,A,A,A,A,C,A,G,A,C,A,G,A,G,A,A,T,T,A,A,A,G,T,C,A,G,G,G,A,G,A,G,T,C,A,A,G,G,T,T,T,T,G,G,A,G,G,G,T,G,T,G,C,C,T,C,T,C,T,C,T,C,T,C,A,G,A,A,C,C,T,T,G,G,A,A,G,G,T,C,A,G,C,C,T,C,T,T,T,C,T,C,G,G,A,A,G,G,A,G,C,C,C,C,T,T,T,C,G,G,T,T,T,T,A,A,A,G,C,C,T,C,A,A,G,G,C,C,C,C,T,C,A,C,G,G,T,T,A,G,G,G,C,C,A,A,T,T,A,A,A,A,G,G,G,G,A,A,A,G,G,G,G,G,A,A,G,G,T,T,T,C,T,C,0,0,T,C,A,G,C,C,A,A,A,A,C,C,A,C,T,C,A,G,A,C,T,G,C,C,A,A,T,C,T,G,A,A,G,G,T,T,T,T,T,G,T,G,A,G,C,C,A,A,A,A,A,C,A,A,T,G,T,T,C,C,A,G,A,G,A,G,T,G,T,T,A,A,G,G,A,G,T,C,C,C,C,C,G,G,G,G,T,T,G,G,T,C,T,T,T,T,A,A,T,G,T,C,C,C,A,A,C,C,T,C,T,C,A,G,T,C,T,C,A,G,C,C,T,T,T,C,A,A,T,T,A,A,T,C,A,G,A,A,T,C,G,G,A,G,C,C,T,C,A,A,C,C,T,T,T,T,A,A,T,T,C,C,G,G,A,G,C,C,T,T,A,A,C,C,T,C,G,G,A,G,T,C,A,G,T,T,G,G,T,C,T,C,A,C,T,C,C,G,T,C,T,C,T,T,G,G,G,G,G,G,A,G,G,G,C,C,G,G,T,T,T,C,T,T,G,G,T,C,A,G,C,C,G,G,T,G,T,C,A,G,T,C,C,C,A,A,T,C,T,C,T,G,T,C,C,C,C,C,T,T,T,G,T,C,C,C,A,A,A,A,G,G,C,C,T,C,T,G,G,G,A,G,T,C,A,A,T,G,C,C,T,C,T,T,A,A,A,A,A,C,T,C,T,T,G,G,G,G,T,G,T,C,T,G,A,A,T,T,G,G,C,C,A,G,C,C,T,T,C,C,T,T,T,C,T,C,T,C,G,G,C,C,C,C,A,G,A,A,A,A,A,G,T,C,T,C,T,C,G,G,T,C,T,T,T,C,T,C,T,G,A,A,T,C,T,C,G,G,T,G,A,A,C,C,A,A,A,G,T,C,A,G,G,G,G,G,T,C,T,T,G,G,A,G,G,G,A,G,T,C,A,G,A,G,G,G,T,C,T,T,A,G,T,T,T,C,T,C,T,T,C,C,T,C,G,G,T,C,C,C,A,G,T,C,C,C,A,A,T,C,T,G,A,A,G,G,A,A,A,A,T,C,G,G,T,T,A,A,T,C,A,G,A,A,T,T,T,C,A,G,T,C,T,C,T,T,A,A,G,G,G,G,A,G,T,T,T,T,A,C,C,C,T,C,T,C,T,C,G,G,C,C,T,C,A,G,T,G,G,G,A,A,G,G,T,C,A,G,A,C,A,G,C,C,G,G,T,T,A,G
B68,129,18.64,A,G,T,C,C,C,C,C,C,C,T,C,A,A,C,C,T,C,T,T,T,C,C,C,A,G,T,G,T,T,C,C,A,A,A,A,T,T,C,C,T,C,C,C,A,G,T,T,A,C,T,T,G,G,C,C,T,T,T,T,A,G,A,G,T,T,T,T,A,G,T,C,A,C,T,T,T,C,A,G,T,G,G,G,A,A,A,C,A,G,A,A,G,G,G,G,G,G,C,C,A,G,A,G,T,C,A,G,G,G,G,G,A,G,T,T,C,C,G,G,C,C,C,C,G,G,A,A,T,T,T,T,T,T,T,T,T,T,T,T,T,T,T,T,C,C,A,A,A,G,A,A,T,T,G,G,A,G,A,A,T,C,G,G,C,C,T,C,T,C,T,C,T,C,A,A,A,A,A,G,A,G,T,C,T,C,C,C,T,T,A,G,T,C,T,C,A,A,A,G,T,T,C,C,A,G,G,G,C,C,C,C,T,T,A,A,G,G,T,T,G,G,G,G,T,C,A,G,T,T,G,G,A,G,G,G,T,G,A,A,A,A,T,T,G,G,A,G,A,G,T,C,C,C,T,C,T,C,T,T,A,G,T,C,A,C,G,G,T,T,A,A,T,C,A,A,A,C,T,G,C,C,A,G,T,C,T,G,A,C,A,A,T,C,T,C,T,T,T,G,A,G,T,C,A,A,A,A,C,C,A,G,T,G,T,C,T,C,G,G,G,G,A,G,G,G,T,T,A,A,G,G,A,G,T,T,T,C,C,C,G,G,A,G,T,T,G,G,C,C,T,G,T,G,A,G,T,G,T,C,T,C,A,A,C,C,T,T,T,T,A,G,T,C,T,C,A,A,T,C,T,T,T,C,A,C,T,C,A,A,C,C,A,A,A,A,C,C,G,G,G,G,T,T,C,C,A,A,C,C,T,T,T,T,A,A,T,T,C,C,G,G,G,G,T,T,C,C,A,A,C,C,T,T,G,G,A,A,T,T,A,A,C,C,T,G,T,C,T,C,A,C,C,C,G,G,C,C,T,C,T,G,G,G,A,A,G,G,A,A,T,G,T,T,G,G,T,C,C,C,T,C,A,A,C,C,G,G,T,C,A,A,T,T,T,C,A,A,T,T,T,T,G,G,T,C,C,C,T,T,C,C,C,C,C,C,T,C,T,T,T,C,T,T,A,G,C,C,G,G,T,C,C,C,T,G,A,G,A,G,C,C,C,C,T,G,C,C,T,C,T,T,A,A,A,G,A,C,T,C,T,C,T,G,G,G,T,G,T,C,T,G,A,C,T,T,G,G,A,C,A,A,C,C,T,G,C,C,T,G,T,C,C,C,T,C,G,G,T,C,C,C,G,G,A,G,A,G,G,G,T,T,T,C,T,C,G,G,C,C,A,T,T,C,T,T,G,G,A,G,T,T,C,C,A,G,T,T,A,G,C,C,A,A,A,G,T,C,A,A,G,G,A,G,C,C,T,C,C,G,A,A,A,G,A,G,T,C,A,G,A,A,A,G,T,T,T,C,A,A,T,C,T,C,T,C,T,C,C,C,T,C,A,A,C,C,T,T,A,A,T,C,T,C,A,A,C,C,T,G,A,A,A,A,A,G,G,G,C,C,A,G,T,C,G,G,C,C,G,G,A,A,T,G,T,C,G,G,T,C,T,C,C,C,A,C,A,G,A,G,A,A,T,C,T,C,A,C,T,C,T,C,T,T,T,C,A,G,A,C,C,C,A,G,T,G,A,G,A,G,A,G,C,C,A,A,A,A,G,G,C,C,A,G,G,G,G,G
B7,126,18.48,A,G,C,C,C,C,C,C,C,C,T,T,A,A,T,T,C,C,C,C,T,T,C,C,A,A,T,T,C,C,T,T,C,C,A,A,C,C,C,C,T,T,T,T,A,A,C,C,A,A,C,C,G,G,A,A,G,G,C,C,A,A,A,A,T,T,T,G,G,G,T,T,A,C,G,G,T,C,A,A,T,G,A,G,A,G,A,C,G,G,C,C,G,G,A,G,A,A,T,T,A,G,G,G,T,T,G,G,A,G,G,G,A,G,T,T,A,C,G,G,T,C,T,C,A,A,A,G,T,G,T,G,T,T,T,T,T,T,T,T,T,T,T,C,T,C,A,G,A,G,C,C,T,G,T,G,A,G,A,G,T,C,A,A,T,T,T,C,T,C,C,C,C,C,G,G,A,G,A,G,A,G,T,C,T,C,C,C,T,T,G,G,T,T,T,T,A,C,A,G,T,T,C,C,A,G,T,T,G,C,T,C,T,C,A,A,A,A,T,C,A,G,A,A,C,C,A,G,T,T,G,G,A,G,G,G,T,G,A,C,A,G,T,T,G,G,A,G,A,G,T,C,T,C,T,T,T,C,T,C,G,G,T,C,C,C,G,G,T,T,A,C,T,C,A,A,C,C,T,T,T,C,A,G,T,T,T,T,A,A,A,A,T,T,C,C,T,G,T,G,G,G,T,C,A,A,A,G,C,C,A,G,T,G,C,C,T,C,A,G,A,G,G,G,T,G,T,T,A,G,T,G,A,G,C,C,T,T,T,T,A,A,A,G,T,C,A,G,T,T,T,T,T,T,A,G,T,T,T,T,T,T,A,A,C,C,T,C,T,C,A,G,C,C,T,T,A,A,C,C,T,T,C,C,A,C,T,C,G,G,C,C,A,A,A,A,T,C,A,G,G,G,T,C,C,C,A,G,T,C,T,C,T,G,A,A,T,C,T,C,A,G,G,G,T,C,T,C,A,A,T,C,T,T,G,G,A,G,T,T,A,G,C,C,T,T,T,T,T,C,C,C,T,C,G,G,T,C,T,C,T,G,G,G,A,A,A,G,A,A,T,T,T,T,G,G,T,C,C,C,T,C,A,A,C,C,G,G,C,C,A,A,T,T,T,T,A,G,T,C,T,C,G,G,C,C,T,C,T,G,T,C,C,C,C,C,T,T,T,G,T,T,T,T,A,G,A,C,A,G,T,C,C,C,T,G,G,G,A,G,T,C,A,C,T,G,C,C,C,C,T,T,A,A,A,G,A,C,T,C,T,C,T,G,G,G,T,G,T,C,T,G,A,C,T,C,A,G,A,A,A,A,C,C,T,G,C,C,T,T,T,C,T,T,T,C,G,G,T,C,T,C,A,G,A,G,A,G,A,G,T,C,C,C,T,T,T,G,C,C,A,A,T,C,T,C,T,T,G,G,C,C,T,T,G,G,T,T,G,G,T,C,G,G,A,A,C,C,A,A,A,G,A,G,T,C,T,C,C,C,A,G,A,A,A,G,T,C,A,G,A,G,G,G,T,C,C,C,A,A,C,C,T,C,T,C,C,C,T,C,C,C,A,G,T,C,T,C,A,G,C,C,T,T,A,G,C,C,T,T,A,G,A,A,A,G,A,A,T,C,A,G,T,C,A,G,T,C,G,G,A,G,T,T,T,C,A,A,T,T,T,C,T,C,A,C,A,A,A,A,G,G,T,C,T,T,A,C,T,C,T,C,C,C,T,T,A,G,A,A,C,C,A,A,T,G,A,G,A,G,G,G,C,C,G,G,A,A,A,G,T,C,G,G,T,G,A,G
B70,207,12.48,A,G,C,C,C,C,T,C,T,C,C,C,A,C,T,T,T,C,T,C,T,C,C,C,A,G,G,G,T,C,T,C,C,C,A,A,C,C,T,C,T,C,T,C,A,G,T,C,A,C,T,T,A,G,C,C,G,G,C,C,A,G,A,G,T,C,G,G,A,G,T,T,A,C,T,T,T,T,G,G,T,G,A,A,G,G,A,C,A,G,A,A,A,G,A,G,G,G,C,C,A,G,A,G,T,C,A,G,G,G,G,G,A,G,T,C,A,C,G,G,T,C,T,C,G,G,A,G,T,G,T,T,T,T,T,T,T,T,T,C,T,C,T,T,T,C,A,A,A,G,C,C,T,G,T,G,A,G,A,G,T,C,A,G,T,C,C,C,T,T,T,C,T,C,G,G,G,G,G,G,A,A,C,C,C,C,T,T,T,C,A,G,T,C,T,C,A,A,G,G,T,C,T,C,A,G,T,G,G,C,C,C,T,C,A,C,A,G,T,T,A,G,A,A,C,C,A,G,T,T,G,G,A,G,G,G,G,G,A,C,G,G,T,T,G,G,A,A,A,G,T,T,T,T,T,T,0,0,T,T,A,G,T,C,A,A,A,G,T,C,C,C,T,C,A,G,C,C,T,G,T,C,A,A,T,C,G,G,A,C,G,G,T,C,T,T,T,G,G,G,G,G,T,C,A,A,A,G,A,C,A,G,T,T,T,C,T,T,A,G,G,G,A,G,T,G,T,T,A,A,T,G,A,G,T,T,T,T,T,C,A,G,A,G,T,T,A,G,T,C,T,G,T,G,A,A,T,G,T,C,C,C,A,A,C,C,T,T,T,T,A,A,T,C,T,C,A,G,T,C,T,C,T,C,A,C,T,C,G,G,C,C,A,G,A,G,T,T,A,A,G,G,C,C,T,C,A,A,C,C,T,T,T,T,A,A,T,C,C,C,G,G,A,A,C,C,C,C,A,A,C,C,T,C,A,G,A,A,T,C,A,G,T,C,T,G,C,C,T,C,A,C,T,T,C,G,C,C,T,C,G,G,A,A,A,A,A,A,A,G,T,G,C,C,A,G,T,C,T,C,T,C,A,G,T,T,A,G,C,C,G,G,T,G,C,C,A,G,T,C,T,C,A,G,T,C,T,C,T,G,T,C,C,C,C,C,T,T,T,G,T,T,T,C,A,G,A,A,G,G,T,C,T,T,T,G,A,G,A,A,T,T,A,A,T,G,C,C,C,C,T,T,A,A,A,G,A,C,C,C,T,C,G,G,G,G,T,G,T,C,T,G,A,C,T,C,G,G,A,C,A,A,C,C,T,G,C,C,T,G,T,C,T,C,T,C,A,G,T,T,T,C,A,G,G,G,G,G,A,G,T,T,T,C,T,T,G,G,T,T,T,T,C,C,C,C,T,T,A,A,C,C,T,T,G,G,T,T,A,G,T,C,A,G,G,G,T,C,G,G,A,A,A,G,T,C,T,C,G,G,G,G,A,A,A,A,T,C,A,G,G,G,A,G,T,C,T,C,A,A,T,C,T,T,T,C,C,C,T,C,T,T,A,A,T,C,T,C,A,G,T,C,C,C,G,G,T,T,T,G,G,G,G,G,A,G,A,G,T,C,G,G,T,C,A,G,T,C,A,G,A,G,G,G,T,C,G,G,C,C,T,T,C,C,A,C,A,G,A,G,G,G,T,T,T,C,C,C,T,T,T,T,T,T,C,C,A,A,A,C,T,C,A,G,T,G,A,G,A,G,A,G,C,C,A,G,A,A,G,G,C,C,A,G,G,G,A,G
B71,218,24.65,A,G,C,C,C,C,T,T,C,C,T,C,A,C,T,C,T,T,T,C,C,C,C,C,G,G,G,G,T,T,T,T,C,C,A,A,T,C,C,C,T,T,T,T,G,G,T,T,A,C,T,C,A,A,C,C,T,G,T,C,A,G,A,G,T,T,T,G,A,G,T,T,A,C,T,G,T,T,G,G,G,G,A,G,A,G,A,C,A,G,A,C,G,G,A,G,A,G,T,C,A,A,A,G,T,T,G,G,G,G,A,G,A,G,T,C,A,A,A,G,T,T,T,T,G,G,A,G,T,G,T,T,T,T,T,T,T,T,T,C,T,C,T,T,T,C,A,A,A,A,A,C,T,T,G,G,G,G,A,A,T,T,A,G,T,C,C,C,T,T,T,C,C,C,A,G,A,G,A,G,A,A,C,C,C,C,T,C,T,C,A,G,T,C,T,C,A,C,G,G,T,T,C,C,G,G,T,T,G,C,T,C,T,T,A,C,A,G,T,C,A,A,A,G,C,C,A,G,T,T,G,G,A,A,A,A,G,G,A,A,A,A,G,G,A,A,G,G,G,G,T,T,C,C,C,C,C,C,C,C,A,A,T,T,A,A,G,G,T,T,C,C,C,C,G,G,A,A,G,G,T,T,A,A,T,T,T,T,C,C,A,A,T,T,T,T,T,T,T,T,A,A,C,C,C,C,G,G,C,C,A,A,T,T,C,C,T,T,A,A,A,A,A,A,T,T,T,T,G,G,T,T,A,A,T,T,C,C,C,C,G,G,A,A,C,C,G,G,C,C,G,G,G,G,A,A,T,T,T,T,T,T,A,A,C,C,T,T,C,C,A,A,C,C,T,T,G,G,C,C,T,T,C,C,C,C,T,T,A,A,T,T,A,A,A,A,C,C,G,G,G,G,C,C,T,T,A,A,C,C,T,T,T,T,A,A,T,T,C,C,G,G,G,G,C,C,T,T,A,A,C,C,T,T,A,G,A,G,T,C,A,G,T,C,G,G,C,C,C,C,A,C,T,C,C,G,C,C,T,C,T,G,A,G,A,G,A,G,A,G,G,G,C,C,G,G,T,C,C,C,T,C,G,G,T,C,G,G,T,C,A,G,T,G,T,T,A,G,T,C,T,C,A,A,T,C,T,C,T,G,T,C,C,C,T,C,T,C,T,T,T,C,T,C,A,G,A,C,A,G,C,C,T,C,T,G,G,G,A,G,C,C,A,A,T,G,T,C,T,C,T,A,A,G,A,A,A,C,T,T,T,T,T,G,T,G,T,T,T,C,T,G,A,A,T,T,G,G,A,C,A,A,C,C,T,G,C,C,T,T,T,C,T,C,T,C,G,G,C,C,C,C,G,G,A,A,A,A,G,G,T,C,C,C,T,C,T,G,C,C,A,T,T,C,T,T,T,G,A,A,T,C,T,C,G,G,T,G,A,G,T,C,A,G,A,G,T,C,A,A,G,G,A,G,T,C,T,C,C,G,A,A,G,G,A,G,C,C,A,G,A,G,A,G,T,C,T,C,A,G,T,C,C,C,T,T,C,C,T,T,T,T,A,A,C,C,T,C,A,A,T,T,T,T,A,G,C,C,G,G,G,G,A,G,G,G,G,G,T,T,G,G,T,T,A,G,T,C,G,G,A,A,T,T,C,C,A,G,C,C,C,C,C,C,A,A,A,G,G,G,A,A,T,C,T,C,A,C,C,C,T,C,T,C,T,T,A,G,A,C,T,C,G,G,G,G,A,G,A,A,A,G,C,C,A,G,A,A,G,G,C,C,A,G,G,G,A,G
B72,204,13.48,A,A,C,C,C,C,C,C,T,T,C,C,A,A,C,C,T,T,T,T,T,T,T,T,G,G,G,G,T,T,T,T,A,A,A,A,C,C,C,C,C,C,C,C,A,A,T,T,C,C,T,T,G,G,C,C,T,T,T,T,A,A,G,G,C,C,T,T,A,A,T,T,C,C,G,G,T,T,G,G,G,G,G,G,A,A,A,A,G,G,C,C,G,G,A,A,A,A,T,T,G,G,G,G,T,T,G,G,G,G,G,G,G,G,C,C,A,A,A,A,T,T,T,T,G,G,G,G,G,G,G,G,G,G,C,C,C,C,T,T,T,T,T,C,T,C,A,G,A,G,A,C,T,T,G,G,A,G,A,G,T,T,A,A,T,T,C,C,T,T,C,C,T,C,A,G,A,G,G,G,G,G,C,C,C,C,T,T,T,C,A,G,T,C,T,C,C,C,G,G,T,C,C,C,A,G,T,T,G,G,T,C,T,C,A,C,A,G,T,C,A,A,A,A,T,C,G,G,T,T,A,G,A,A,G,G,G,G,C,C,G,G,T,T,G,G,A,G,G,G,T,C,C,C,T,T,0,0,T,T,G,G,C,C,A,C,A,A,C,C,A,C,T,T,A,G,A,C,T,G,T,C,G,G,T,C,T,G,A,C,A,A,T,C,C,C,T,G,T,G,A,A,T,C,A,C,A,A,C,C,G,G,T,T,C,C,T,T,A,G,A,G,A,G,T,T,T,T,A,G,G,G,A,A,T,T,T,T,T,C,A,G,G,G,T,T,A,G,T,C,T,G,T,G,A,A,T,T,T,C,T,T,A,A,T,C,T,C,T,C,A,G,C,C,T,T,A,A,C,C,T,T,C,C,A,C,T,C,G,G,C,C,G,G,G,G,T,C,A,G,A,G,C,C,T,C,A,G,C,C,T,T,T,T,A,G,T,C,T,C,A,G,G,G,C,C,T,T,A,A,C,C,T,C,A,G,G,G,C,C,G,G,C,C,G,G,C,C,C,C,A,C,T,C,C,G,C,C,T,C,G,G,A,A,A,G,A,G,G,G,T,G,C,C,A,G,T,C,C,C,C,C,A,G,T,C,G,G,T,C,A,A,G,G,T,C,G,G,T,C,T,T,A,G,T,C,T,C,T,G,T,C,C,C,T,C,T,C,T,G,T,T,T,C,A,G,A,C,A,G,C,C,T,T,G,G,A,G,A,G,C,C,A,C,T,T,C,C,C,C,T,A,G,G,A,G,C,C,T,T,T,T,T,T,T,G,0,0,T,C,T,G,A,A,T,C,G,G,C,C,A,A,C,C,T,G,C,C,T,T,T,C,T,C,T,C,A,G,T,C,T,C,A,A,A,G,A,A,A,G,C,C,C,C,T,C,T,G,T,C,T,T,T,T,T,C,T,G,A,G,T,C,T,C,A,G,T,G,A,A,T,C,G,G,G,G,C,C,A,A,A,A,A,A,C,C,C,C,C,C,G,G,A,G,G,G,C,C,G,G,A,A,G,G,T,C,C,C,A,G,C,C,T,C,T,C,T,C,C,C,T,C,A,G,T,T,T,C,A,A,T,C,C,C,G,G,C,C,T,G,A,G,A,A,A,G,A,G,T,C,G,G,C,C,A,A,T,T,A,G,A,A,T,G,T,C,G,G,T,C,T,T,T,C,C,C,A,A,G,G,A,G,T,C,C,C,A,C,C,C,C,C,C,C,T,T,G,G,A,C,T,C,A,A,T,T,G,G,A,G,A,G,T,C,A,G,A,A,G,G,C,C,A,G,T,G,G,G
B74,197,15.2,G,G,C,C,C,C,C,C,T,C,T,C,A,A,T,T,C,C,T,C,T,T,C,C,A,A,T,G,C,C,T,C,A,C,A,A,T,T,T,C,C,C,T,T,A,A,C,C,A,C,C,C,A,A,C,C,T,G,T,C,A,G,A,G,T,T,T,T,A,G,T,T,C,C,T,G,T,C,A,G,T,G,G,G,A,A,A,C,G,G,A,C,G,G,A,G,A,G,T,C,A,G,A,A,T,C,A,G,G,G,A,G,A,A,T,T,A,C,A,G,T,C,T,C,G,G,A,A,T,G,T,T,T,G,T,T,T,T,T,T,T,T,T,T,C,C,A,A,A,A,A,A,T,T,T,G,A,G,A,G,T,C,G,G,T,C,C,C,T,T,T,T,T,C,A,A,A,A,A,G,A,A,C,C,T,T,C,C,T,T,G,G,T,T,T,T,A,A,A,G,T,C,C,C,G,G,T,G,G,C,T,C,T,C,A,C,A,G,T,C,G,G,G,G,T,T,G,G,T,C,G,G,G,G,G,G,T,G,A,C,A,G,T,T,A,G,G,G,G,G,C,C,T,C,T,C,0,0,T,C,G,G,T,C,A,C,A,G,T,C,A,C,T,C,A,G,C,C,T,T,C,C,A,G,T,C,T,G,A,C,A,G,T,T,T,C,T,G,G,G,G,G,T,T,A,A,A,A,C,C,G,G,T,G,C,C,T,C,G,G,A,G,G,G,G,G,T,T,A,G,G,G,A,G,T,C,T,T,T,C,A,G,A,G,T,T,A,G,T,C,G,G,G,G,A,A,T,G,C,C,T,C,A,A,T,C,T,T,T,T,A,G,C,C,T,T,A,G,T,C,T,T,T,C,A,C,T,C,A,G,C,C,G,G,A,G,T,C,A,A,G,G,C,C,C,C,A,G,T,C,T,T,T,T,A,G,C,C,C,C,G,G,A,G,C,C,C,C,A,G,C,C,T,C,A,A,A,A,T,C,A,A,T,C,G,G,T,C,T,C,C,C,T,T,C,C,T,C,T,T,T,G,G,G,A,A,G,G,A,A,T,G,T,T,G,G,T,C,T,C,T,C,A,G,T,C,G,G,T,C,A,G,T,G,T,T,A,G,T,C,T,T,G,G,T,C,C,C,T,T,C,C,C,C,T,C,T,C,T,T,T,T,T,T,A,G,A,A,A,G,T,T,T,C,T,G,A,G,A,G,T,T,A,A,T,G,C,C,C,C,T,T,A,A,A,G,A,C,T,C,T,C,T,G,G,G,T,G,T,C,T,G,A,C,T,C,G,G,A,A,A,A,C,C,G,G,C,C,T,G,T,T,C,C,T,C,G,G,T,T,C,C,G,G,A,G,A,G,G,G,T,T,T,C,T,T,T,G,C,C,A,A,T,C,T,C,T,G,A,G,T,C,T,C,A,A,T,T,G,G,T,C,A,A,A,G,T,T,G,G,A,A,A,A,C,C,T,T,G,G,A,G,A,A,A,G,T,C,A,G,A,G,A,G,C,C,T,C,A,G,C,C,C,C,T,T,T,C,T,T,T,C,A,G,T,C,C,C,A,G,C,C,T,C,A,A,T,C,T,T,A,A,A,G,A,G,A,G,T,T,A,G,T,C,G,G,T,T,A,G,A,A,T,T,T,C,A,A,T,C,T,C,T,C,A,C,G,G,A,G,A,G,T,T,T,T,A,C,T,T,T,C,T,T,C,C,A,A,A,C,T,C,A,G,T,G,A,G,A,G,G,G,C,C,G,G,A,A,G,G,C,C,G,G,T,G,A,G
B76,205,16.87,A,G,C,C,C,C,T,C,T,C,T,C,A,A,C,C,T,T,T,T,T,C,T,C,G,G,G,G,T,T,T,T,A,C,A,A,C,C,C,C,T,C,T,C,A,G,T,T,C,C,T,T,A,G,C,C,G,G,C,C,A,A,A,A,T,T,T,T,A,G,T,T,A,C,G,G,T,T,A,G,G,G,A,G,A,G,A,C,G,G,C,C,G,G,A,G,A,A,T,T,A,G,A,G,T,T,G,G,G,G,A,A,A,A,T,T,A,C,A,A,T,T,T,T,A,G,A,A,T,G,T,T,T,G,T,C,T,T,T,T,T,T,T,C,T,C,A,G,A,A,A,C,T,T,G,G,G,G,A,A,T,T,A,G,T,C,C,C,T,T,T,C,C,C,A,G,A,A,A,A,A,A,C,C,C,C,C,C,T,T,G,G,T,T,T,C,C,C,G,G,T,T,C,C,G,G,T,T,G,G,T,T,T,T,A,C,A,A,C,C,A,G,A,G,C,C,A,G,T,T,G,G,A,G,A,G,T,G,A,C,A,G,T,G,A,A,G,G,G,G,T,C,T,C,C,C,0,0,T,C,A,A,T,T,A,A,A,G,T,C,C,C,T,C,G,G,A,A,G,G,T,T,A,A,T,T,T,T,C,C,A,G,T,T,T,C,T,G,T,T,A,G,C,C,A,C,G,G,C,C,A,A,T,T,C,C,T,T,A,A,A,G,A,G,T,T,T,T,A,G,T,T,A,G,T,C,T,C,T,C,A,G,A,A,C,C,G,G,T,C,T,G,T,G,A,G,T,T,T,T,T,T,A,A,C,C,T,T,T,C,A,G,C,C,T,T,A,G,C,C,T,T,C,C,C,C,T,T,A,G,T,C,A,G,A,G,T,C,A,G,G,G,C,C,T,C,A,A,C,C,T,T,T,T,A,A,T,C,C,C,G,G,A,G,T,C,T,C,A,A,T,C,T,T,A,A,G,G,T,C,G,G,T,C,G,G,C,C,C,C,A,C,T,T,C,G,C,C,C,C,G,G,A,A,A,G,A,G,A,G,T,G,C,C,A,G,T,T,T,C,T,C,A,G,T,T,A,A,C,C,A,G,T,G,T,C,A,G,T,C,T,C,A,G,T,C,T,C,T,G,T,C,C,C,C,C,T,T,T,G,T,T,T,C,A,G,A,C,G,G,C,C,T,C,T,G,G,G,A,G,T,C,A,C,T,G,C,C,C,C,T,T,A,A,A,G,A,C,T,C,T,C,T,G,G,G,T,G,T,C,T,G,A,C,T,C,G,G,A,A,A,A,C,C,G,G,C,C,T,G,T,T,T,C,C,C,G,G,T,C,C,C,G,G,A,G,A,G,A,G,T,C,T,C,T,T,T,G,T,C,A,T,C,C,T,T,T,G,G,G,C,C,T,T,G,G,T,G,A,G,T,C,A,G,A,A,T,C,A,G,G,G,G,G,T,T,T,C,C,G,G,G,A,G,A,A,T,T,G,G,A,G,G,G,T,C,C,C,A,G,C,C,T,C,C,C,T,C,T,C,C,C,A,G,T,C,T,C,G,G,C,C,T,C,A,G,T,C,T,G,A,G,A,G,A,G,A,A,T,C,G,G,T,T,A,G,T,C,G,G,A,G,T,G,C,C,A,G,T,T,T,C,T,C,C,C,A,G,A,A,A,G,T,T,T,C,C,C,T,C,T,C,T,C,T,C,A,A,A,A,T,C,A,G,T,G,G,G,A,G,A,A,C,C,A,G,A,A,G,G,C,C,A,A,G,G,A,G
B77,216,7.06,G,G,C,C,C,C,T,C,C,C,T,T,A,A,T,C,T,C,T,C,T,C,C,C,A,G,T,G,T,C,T,T,A,C,A,A,T,C,C,C,T,T,T,C,A,G,T,C,A,A,T,C,G,G,A,C,T,G,T,C,A,A,A,A,T,T,T,T,A,G,T,C,A,A,T,G,T,T,A,G,G,G,A,G,A,G,A,C,A,G,A,C,G,G,G,G,A,A,T,T,A,A,G,G,T,T,G,G,G,G,G,G,A,A,T,T,A,A,G,G,C,C,C,C,A,A,A,A,T,T,T,T,T,T,T,T,T,T,T,T,T,T,C,C,T,T,G,G,A,A,C,C,T,T,G,G,G,G,A,A,T,T,A,A,T,T,C,C,T,T,C,C,T,C,G,G,A,G,A,G,A,G,T,C,C,C,T,C,T,T,G,G,T,T,T,T,A,C,G,G,T,T,C,C,G,G,T,T,G,C,T,C,T,T,A,C,A,G,T,C,A,A,A,G,C,C,A,G,T,T,G,G,A,A,A,A,G,G,A,A,A,A,G,G,A,A,G,G,G,G,T,T,C,C,C,C,0,0,C,C,A,A,T,T,A,A,G,G,T,T,C,C,C,C,G,G,A,A,G,G,T,T,A,A,T,T,T,T,C,C,A,A,T,T,T,T,T,T,T,T,A,A,C,C,C,C,G,G,C,C,A,A,T,T,C,C,T,T,A,A,A,A,A,A,T,T,T,T,G,G,T,T,A,A,T,T,C,C,C,C,G,G,A,A,C,C,G,G,C,C,G,G,G,G,A,G,T,T,T,C,T,C,A,A,C,C,T,C,C,C,A,A,T,T,C,C,A,A,T,C,T,C,T,C,C,C,C,C,A,G,T,C,G,G,A,G,T,T,A,G,G,G,C,C,T,C,A,G,T,C,T,T,T,T,A,G,C,C,T,C,A,G,A,A,C,C,C,C,A,A,C,C,C,C,A,G,A,A,T,C,A,A,T,C,G,G,T,C,T,C,A,C,T,C,C,C,C,C,T,T,T,G,G,G,A,G,G,G,A,A,T,T,T,C,A,G,T,C,C,C,C,C,A,A,T,C,A,G,C,C,A,A,T,T,T,T,A,G,T,C,T,T,G,G,T,C,T,C,T,G,T,C,T,C,T,C,T,T,T,T,T,T,T,T,G,G,A,C,G,G,C,C,T,C,T,T,A,G,G,G,C,C,A,C,T,G,C,C,C,C,T,T,A,A,G,G,A,C,T,C,T,C,T,G,T,G,T,T,T,C,G,G,A,A,C,C,A,G,A,A,A,A,C,C,G,G,C,C,T,T,T,T,T,C,T,C,G,G,T,C,C,C,A,G,A,G,A,A,A,G,C,C,C,C,T,T,G,G,C,C,A,T,T,C,T,C,T,G,A,G,T,C,T,C,G,G,T,T,A,G,T,T,A,G,A,G,C,C,A,A,A,G,A,G,T,C,C,C,C,C,G,G,A,A,A,G,T,C,A,G,A,A,G,G,T,T,C,C,A,A,C,C,T,T,C,C,C,C,T,C,T,C,A,G,C,C,T,C,A,A,T,T,T,T,A,G,C,C,G,G,A,G,A,G,G,G,A,G,T,T,A,G,T,T,A,A,T,C,A,G,A,A,T,T,T,C,A,G,T,C,T,C,C,C,A,A,A,A,G,G,A,A,C,C,T,C,A,A,C,C,C,C,T,C,T,T,G,G,C,C,T,C,A,G,T,G,A,G,A,A,G,G,T,C,A,G,A,A,G,G,C,C,G,G,T,G,G,G
B8,174,12.65,G,G,C,C,C,C,C,C,C,C,T,C,A,A,T,T,T,C,T,C,T,C,C,C,A,G,T,T,C,C,T,T,A,A,A,G,T,C,C,C,T,C,T,C,A,A,C,C,A,C,C,C,A,A,C,C,G,G,C,C,A,G,A,G,T,C,T,T,A,A,T,T,A,A,G,G,T,T,A,G,T,G,A,G,A,A,A,A,A,A,A,C,A,G,A,G,A,A,T,T,A,G,A,G,T,C,A,G,A,G,G,G,G,G,T,C,C,C,G,G,C,C,C,C,G,G,A,A,T,G,T,T,T,T,T,C,T,T,T,T,T,T,T,T,T,C,A,A,A,G,C,C,T,G,T,G,A,A,G,G,C,C,G,G,C,C,T,C,T,T,T,C,T,C,G,G,A,G,G,G,A,G,C,C,C,C,T,T,T,T,G,G,T,T,T,T,A,A,A,G,C,C,T,C,A,A,G,G,G,C,C,C,T,T,A,C,G,G,T,T,A,G,A,G,T,C,A,A,T,T,A,A,A,A,A,G,G,G,A,C,A,G,G,G,G,G,A,A,G,G,T,T,T,C,C,C,C,C,C,C,A,A,T,C,A,A,A,G,T,C,A,C,T,C,A,G,A,A,G,G,T,C,A,A,T,T,T,G,A,C,A,G,T,T,T,T,T,T,T,G,A,G,C,C,A,C,A,G,A,C,A,A,T,T,T,C,T,C,A,A,A,A,A,G,T,T,T,T,A,G,T,G,A,G,T,C,T,C,T,C,A,G,A,G,T,C,A,G,T,C,T,G,T,G,A,A,T,T,T,T,T,C,A,A,C,C,T,T,T,C,A,G,C,C,T,T,G,G,T,C,T,T,C,C,C,C,T,C,A,G,T,C,A,G,A,G,T,C,A,G,G,G,C,C,T,C,A,G,C,C,T,T,T,T,A,A,T,T,C,C,G,G,G,G,C,C,T,C,A,G,C,C,T,T,A,A,A,G,T,C,G,G,T,C,G,G,C,C,T,C,C,C,T,T,C,C,T,C,T,C,T,G,A,G,A,A,A,A,A,G,G,G,T,C,G,G,C,C,C,C,C,C,A,G,T,C,G,G,T,C,A,A,T,G,T,T,G,G,C,C,T,T,A,G,T,C,T,C,T,G,T,C,C,C,T,T,C,C,T,G,T,C,T,C,A,A,C,C,A,G,T,C,T,C,T,T,G,G,A,G,C,C,C,C,G,G,C,C,T,C,T,T,A,G,G,G,A,C,C,C,T,C,T,G,T,G,T,G,T,T,T,T,C,C,T,T,A,G,A,A,A,A,C,C,T,G,C,C,T,G,T,C,T,C,T,C,G,G,T,T,T,C,A,G,G,G,G,G,G,G,T,T,T,C,T,T,T,G,C,C,A,A,T,C,T,C,T,G,G,G,T,C,T,C,A,G,T,T,G,G,T,C,A,G,A,G,T,C,A,G,A,A,A,A,T,C,T,C,G,G,A,G,A,A,A,A,T,C,G,G,G,G,A,G,C,C,T,C,G,G,T,T,T,T,T,C,T,C,T,C,T,C,A,G,C,C,T,C,A,G,T,T,T,C,A,A,T,C,G,G,A,G,A,G,A,A,A,A,T,T,A,G,T,T,A,A,T,C,A,G,A,A,T,T,T,T,A,G,T,T,T,T,T,C,A,C,G,G,A,G,A,A,T,T,T,C,A,C,T,C,T,C,T,C,C,C,A,G,A,C,T,C,A,A,T,G,G,G,A,G,A,G,C,C,A,A,A,C,A,G,C,C,A,G,T,G,A,G
B81,107,20.55,A,G,T,C,C,C,T,C,C,C,T,C,A,C,C,C,T,C,T,T,T,C,T,C,A,A,T,T,T,C,T,C,A,C,A,A,T,C,C,C,T,T,T,T,A,G,T,T,A,A,C,C,A,G,C,C,T,T,T,T,A,G,A,G,T,C,T,T,A,G,T,C,A,C,G,G,T,C,G,G,G,G,A,G,A,G,A,A,G,G,A,C,G,G,A,A,A,A,T,T,G,G,G,G,T,T,G,G,G,G,G,G,G,G,C,C,A,A,A,A,T,T,T,T,A,G,G,G,T,G,T,G,T,G,T,C,T,C,T,C,T,C,T,T,T,C,A,G,G,G,A,A,T,T,G,G,A,A,G,G,T,T,A,A,T,T,C,C,T,T,C,C,C,C,G,G,A,G,A,G,A,G,C,C,T,C,T,T,T,C,G,G,T,C,T,C,C,C,G,G,T,T,C,C,A,G,T,G,G,C,C,C,T,T,C,C,A,G,T,T,A,A,G,G,C,C,A,A,T,T,A,G,A,G,G,G,G,G,C,C,G,G,T,T,A,G,A,G,G,G,T,T,C,C,T,T,0,0,T,C,A,G,T,C,C,C,A,A,C,C,C,C,T,C,A,G,C,C,T,G,C,C,A,G,T,C,T,G,A,A,A,A,T,T,T,C,T,G,T,G,G,G,T,T,A,C,A,G,C,C,A,G,G,G,C,C,T,C,A,G,A,G,A,G,G,G,T,C,A,G,T,G,A,G,T,C,T,T,T,C,A,G,G,G,T,T,A,A,T,T,T,T,T,T,A,A,T,T,T,T,T,C,A,A,C,C,T,C,T,C,A,A,C,C,T,T,A,A,C,C,T,T,C,C,A,A,C,C,G,G,C,C,G,G,G,G,C,C,G,G,A,A,C,C,T,T,G,G,C,C,T,T,T,T,G,G,C,C,T,T,A,A,G,G,C,C,T,T,A,A,C,C,C,C,G,G,G,G,C,C,G,G,C,C,G,G,C,C,C,C,A,A,C,C,G,G,C,C,T,T,G,G,A,A,G,G,G,G,G,G,G,G,T,T,G,G,T,T,T,T,T,T,G,G,C,C,G,G,C,C,G,G,T,T,C,C,G,G,C,C,C,C,A,A,T,C,T,C,T,G,T,C,T,C,T,C,C,C,T,T,C,C,T,T,A,G,C,C,A,G,C,C,T,C,T,T,A,G,G,G,C,C,A,C,T,G,T,C,T,C,T,T,A,A,A,G,C,C,C,C,C,C,T,T,T,G,T,T,T,C,T,G,A,A,T,C,A,G,A,C,A,G,T,C,T,G,C,C,T,T,T,T,T,C,C,C,G,G,T,C,C,C,G,G,A,A,A,G,A,A,C,C,T,C,C,C,G,G,T,C,A,T,T,T,T,C,T,G,A,G,T,C,T,C,A,G,G,G,A,G,C,C,G,G,G,G,T,C,G,G,A,G,A,G,T,T,C,C,G,G,G,G,A,G,A,A,T,C,G,G,A,G,A,A,C,C,T,C,A,G,T,C,T,T,T,C,T,C,T,C,T,T,A,G,C,C,T,C,A,G,T,C,T,C,G,G,T,C,T,T,G,G,A,G,A,G,G,G,T,C,G,G,C,C,A,G,T,T,A,A,A,A,0,0,T,T,A,G,T,C,T,T,T,C,A,A,A,G,G,G,A,G,T,T,T,C,A,C,T,C,T,C,T,C,T,C,A,A,A,A,T,C,A,G,T,G,G,G,A,G,A,G,C,C,G,G,A,A,G,G,C,C,A,G,T,G,A,G
